﻿<?xml version="1.0" encoding="utf-8" ?>
<!--
    Copyright 2007, Joe Davidson <joedavidson@gmail.com>

    This file is part of FFTPatcher.

    FFTPatcher is free software: you can redistribute it and/or modify
    it under the terms of the GNU General Public License as published by
    the Free Software Foundation, either version 3 of the License, or
    (at your option) any later version.

    FFTPatcher is distributed in the hope that it will be useful,
    but WITHOUT ANY WARRANTY; without even the implied warranty of
    MERCHANTABILITY or FITNESS FOR A PARTICULAR PURPOSE.  See the
    GNU General Public License for more details.

    You should have received a copy of the GNU General Public License
    along with FFTPatcher.  If not, see <http://www.gnu.org/licenses/>.
-->
<Events>

  <Event value="001" name="Dolbodar Swamp East 1"/>
  <Event value="002" name="Dolbodar Swamp East 2"/>
  <Event value="003" name="Dolbodar Swamp East 3"/>
  <Event value="004" name="Dolbodar Swamp East 4"/>
  <Event value="005" name="Dolbodar Swamp West 1"/>
  <Event value="006" name="Dolbodar Swamp West 2"/>
  <Event value="007" name="Dolbodar Swamp West 3"/>
  <Event value="008" name="Dolbodar Swamp West 4"/>

  <Event value="00D" name="Fovoham Plains South 1"/>
  <Event value="00E" name="Fovoham Plains South 2"/>
  <Event value="00F" name="Fovoham Plains South 3"/>
  <Event value="010" name="Fovoham Plains South 4"/>
  <Event value="011" name="Fovoham Plains West 1"/>
  <Event value="012" name="Fovoham Plains West 2"/>
  <Event value="013" name="Fovoham Plains West 3"/>
  <Event value="014" name="Fovoham Plains West 4"/>
  <Event value="015" name="Fovoham Plains East 1"/>
  <Event value="016" name="Fovoham Plains East 2"/>
  <Event value="017" name="Fovoham Plains East 3"/>
  <Event value="018" name="Fovoham Plains East 4"/>
  <Event value="019" name="Sweegy Woods East 1"/>
  <Event value="01A" name="Sweegy Woods East 2"/>
  <Event value="01B" name="Sweegy Woods East 3"/>
  <Event value="01C" name="Sweegy Woods East 4"/>
  <Event value="01D" name="Sweegy Woods West 1"/>
  <Event value="01E" name="Sweegy Woods West 2"/>
  <Event value="01F" name="Sweegy Woods West 3"/>
  <Event value="020" name="Sweegy Woods West 4"/>

  <Event value="025" name="Bevernia Volcano North 1"/>
  <Event value="026" name="Bevernia Volcano North 2"/>
  <Event value="027" name="Bevernia Volcano North 3"/>
  <Event value="028" name="Bevernia Volcano North 4"/>
  <Event value="029" name="Bevernia Volcano South 1"/>
  <Event value="02A" name="Bevernia Volcano South 2"/>
  <Event value="02B" name="Bevernia Volcano South 3"/>
  <Event value="02C" name="Bevernia Volcano South 4"/>

  <Event value="031" name="Zeklaus Desert North 1"/>
  <Event value="032" name="Zeklaus Desert North 2"/>
  <Event value="033" name="Zeklaus Desert North 3"/>
  <Event value="034" name="Zeklaus Desert North 4"/>
  <Event value="035" name="Zeklaus Desert South 1"/>
  <Event value="036" name="Zeklaus Desert South 2"/>
  <Event value="037" name="Zeklaus Desert South 3"/>
  <Event value="038" name="Zeklaus Desert South 4"/>
  <Event value="039" name="Zeklaus Desert East 1"/>
  <Event value="03A" name="Zeklaus Desert East 2"/>
  <Event value="03B" name="Zeklaus Desert East 3"/>
  <Event value="03C" name="Zeklaus Desert East 4"/>
  <Event value="03D" name="Lenalia Plateau South 1"/>
  <Event value="03E" name="Lenalia Plateau South 2"/>
  <Event value="03F" name="Lenalia Plateau South 3"/>
  <Event value="040" name="Lenalia Plateau South 4"/>
  <Event value="041" name="Lenalia Plateau North 1"/>
  <Event value="042" name="Lenalia Plateau North 2"/>
  <Event value="043" name="Lenalia Plateau North 3"/>
  <Event value="044" name="Lenalia Plateau North 4"/>
  
  <Event value="049" name="Zigolis Swamp East 1"/>
  <Event value="04A" name="Zigolis Swamp East 2"/>
  <Event value="04B" name="Zigolis Swamp East 3"/>
  <Event value="04C" name="Zigolis Swamp East 4"/>
  <Event value="04D" name="Zigolis Swamp West 1"/>
  <Event value="04E" name="Zigolis Swamp West 2"/>
  <Event value="04F" name="Zigolis Swamp West 3"/>
  <Event value="050" name="Zigolis Swamp West 4"/>

  <Event value="052" name="Zirekile Falls East 5"/>
  <Event value="053" name="Barius Hill South 5"/>
  <Event value="054" name="Lenalia Plateau South 5"/>
  <Event value="055" name="Yuguo Woods West 1"/>
  <Event value="056" name="Yuguo Woods West 2"/>
  <Event value="057" name="Yuguo Woods West 3"/>
  <Event value="058" name="Yuguo Woods West 4"/>
  <Event value="059" name="Yuguo Woods East 1"/>
  <Event value="05A" name="Yuguo Woods East 2"/>
  <Event value="05B" name="Yuguo Woods East 3"/>
  <Event value="05C" name="Yuguo Woods East 4"/>
  <Event value="05D" name="Dolbodar Swamp West 5"/>
  <Event value="05E" name="Grog Hill South 5"/>
  <Event value="05F" name="Bevernia Volcano North 5"/>
  <Event value="060" name="Barius Valley South 5"/>
  <Event value="061" name="Araguay Woods West 1"/>
  <Event value="062" name="Araguay Woods West 2"/>
  <Event value="063" name="Araguay Woods West 3"/>
  <Event value="064" name="Araguay Woods West 4"/>
  <Event value="065" name="Araguay Woods East 1"/>
  <Event value="066" name="Araguay Woods East 2"/>
  <Event value="067" name="Araguay Woods East 3"/>
  <Event value="068" name="Araguay Woods East 4"/>
  <Event value="069" name="Finath River East 5"/>
  <Event value="06A" name="Germina Peak North 5"/>
  <Event value="06B" name="Araguay Woods South 5"/>
  <Event value="06C" name="Yuguo Woods East 5"/>
  <Event value="06D" name="Grog Hill West 1"/>
  <Event value="06E" name="Grog Hill West 2"/>
  <Event value="06F" name="Grog Hill West 3"/>
  <Event value="070" name="Grog Hill West 4"/>
  <Event value="071" name="Grog Hill South 1"/>
  <Event value="072" name="Grog Hill South 2"/>
  <Event value="073" name="Grog Hill South 3"/>
  <Event value="074" name="Grog Hill South 4"/>
  <Event value="075" name="Grog Hill East 1"/>
  <Event value="076" name="Grog Hill East 2"/>
  <Event value="077" name="Grog Hill East 3"/>
  <Event value="078" name="Grog Hill East 4"/>
  <Event value="079" name="Bed Desert South 1"/>
  <Event value="07A" name="Bed Desert South 2"/>
  <Event value="07B" name="Bed Desert South 3"/>
  <Event value="07C" name="Bed Desert South 4"/>
  <Event value="07D" name="Bed Desert North 1"/>
  <Event value="07E" name="Bed Desert North 2"/>
  <Event value="07F" name="Bed Desert North 3"/>
  <Event value="080" name="Bed Desert North 4"/>
  <Event value="081" name="Bed Desert North 5"/>
  <Event value="082" name="Fovoham Plains West 5"/>
  <Event value="083" name="Doguola Pass West 5"/>
  <Event value="084" name="Sweegy Woods East 5"/>
  <Event value="085" name="Zirekile Falls West 1"/>
  <Event value="086" name="Zirekile Falls West 2"/>
  <Event value="087" name="Zirekile Falls West 3"/>
  <Event value="088" name="Zirekile Falls West 4"/>
  <Event value="089" name="Zirekile Falls East 1"/>
  <Event value="08A" name="Zirekile Falls East 2"/>
  <Event value="08B" name="Zirekile Falls East 3"/>
  <Event value="08C" name="Zirekile Falls East 4"/>
  <Event value="08D" name="Zirekile Falls South 1"/>
  <Event value="08E" name="Zirekile Falls South 2"/>
  <Event value="08F" name="Zirekile Falls South 3"/>
  <Event value="090" name="Zirekile Falls South 4"/>
  <Event value="091" name="Barius Hill North 1"/>
  <Event value="092" name="Barius Hill North 2"/>
  <Event value="093" name="Barius Hill North 3"/>
  <Event value="094" name="Barius Hill North 4"/>
  <Event value="095" name="Barius Hill South 1"/>
  <Event value="096" name="Barius Hill South 2"/>
  <Event value="097" name="Barius Hill South 3"/>
  <Event value="098" name="Barius Hill South 4"/>
  <Event value="099" name="Poeskas Lake North 5"/>
  <Event value="09A" name="Zigolis Swamp West 5"/>
  <Event value="09B" name="Mandalia Plains South 5"/>
  <Event value="09C" name="Zeklaus Desert South 5"/>
  <Event value="09D" name="Mandalia Plains North 1"/>
  <Event value="09E" name="Mandalia Plains North 2"/>
  <Event value="09F" name="Mandalia Plains North 3"/>
  <Event value="0A0" name="Mandalia Plains North 4"/>
  <Event value="0A1" name="Mandalia Plains South 1"/>
  <Event value="0A2" name="Mandalia Plains South 2"/>
  <Event value="0A3" name="Mandalia Plains South 3"/>
  <Event value="0A4" name="Mandalia Plains South 4"/>
  <Event value="0A5" name="Mandalia Plains West 1"/>
  <Event value="0A6" name="Mandalia Plains West 2"/>
  <Event value="0A7" name="Mandalia Plains West 3"/>
  <Event value="0A8" name="Mandalia Plains West 4"/>
  <Event value="0A9" name="Doguola Pass East 1"/>
  <Event value="0AA" name="Doguola Pass East 2"/>
  <Event value="0AB" name="Doguola Pass East 3"/>
  <Event value="0AC" name="Doguola Pass East 4"/>
  <Event value="0AD" name="Doguola Pass West 1"/>
  <Event value="0AE" name="Doguola Pass West 2"/>
  <Event value="0AF" name="Doguola Pass West 3"/>
  <Event value="0B0" name="Doguola Pass West 4"/>
  <Event value="0B1" name="END 1"/>
  <Event value="0B2" name="END 2"/>
  <Event value="0B3" name="END 3"/>
  <Event value="0B4" name="END 4"/>
  <Event value="0B5" name="Barius Valley West 1"/>
  <Event value="0B6" name="Barius Valley West 2"/>
  <Event value="0B7" name="Barius Valley West 3"/>
  <Event value="0B8" name="Barius Valley West 4"/>
  <Event value="0B9" name="Barius Valley East 1"/>
  <Event value="0BA" name="Barius Valley East 2"/>
  <Event value="0BB" name="Barius Valley East 3"/>
  <Event value="0BC" name="Barius Valley East 4"/>
  <Event value="0BD" name="Barius Valley South 1"/>
  <Event value="0BE" name="Barius Valley South 2"/>
  <Event value="0BF" name="Barius Valley South 3"/>
  <Event value="0C0" name="Barius Valley South 4"/>
  <Event value="0C1" name="Finath River West 1"/>
  <Event value="0C2" name="Finath River West 2"/>
  <Event value="0C3" name="Finath River West 3"/>
  <Event value="0C4" name="Finath River West 4"/>
  <Event value="0C5" name="Finath River East 1"/>
  <Event value="0C6" name="Finath River East 2"/>
  <Event value="0C7" name="Finath River East 3"/>
  <Event value="0C8" name="Finath River East 4"/>
  <Event value="0C9" name="HORROR 1"/>
  <Event value="0CA" name="HORROR 2"/>
  <Event value="0CB" name="HORROR 3"/>
  <Event value="0CC" name="HORROR 4"/>
  <Event value="0CD" name="Poeskas Lake North 1"/>
  <Event value="0CE" name="Poeskas Lake North 2"/>
  <Event value="0CF" name="Poeskas Lake North 3"/>
  <Event value="0D0" name="Poeskas Lake North 4"/>
  <Event value="0D1" name="Poeskas Lake South 1"/>
  <Event value="0D2" name="Poeskas Lake South 2"/>
  <Event value="0D3" name="Poeskas Lake South 3"/>
  <Event value="0D4" name="Poeskas Lake South 4"/>
  <Event value="0D5" name="VOYAGE 1"/>
  <Event value="0D6" name="VOYAGE 2"/>
  <Event value="0D7" name="VOYAGE 3"/>
  <Event value="0D8" name="VOYAGE 4"/>
  <Event value="0D9" name="Germinas Peak North 1"/>
  <Event value="0DA" name="Germinas Peak North 2"/>
  <Event value="0DB" name="Germinas Peak North 3"/>
  <Event value="0DC" name="Germinas Peak North 4"/>
  <Event value="0DD" name="Germinas Peak South 1"/>
  <Event value="0DE" name="Germinas Peak South 2"/>
  <Event value="0DF" name="Germinas Peak South 3"/>
  <Event value="0E0" name="Germinas Peak South 4"/>
  <Event value="0E1" name="BRIDGE 1"/>
  <Event value="0E2" name="BRIDGE 2"/>
  <Event value="0E3" name="BRIDGE 3"/>
  <Event value="0E4" name="BRIDGE 4"/>
  <Event value="0E5" name="TIGER 1"/>
  <Event value="0E6" name="TIGER 2"/>
  <Event value="0E7" name="TIGER 3"/>
  <Event value="0E8" name="TIGER 4"/>
  <Event value="0E9" name="MLAPAN 1"/>
  <Event value="0EA" name="MLAPAN 2"/>
  <Event value="0EB" name="MLAPAN 3"/>
  <Event value="0EC" name="MLAPAN 4"/>
  <Event value="0ED" name="VALKYRIES 1"/>
  <Event value="0EE" name="VALKYRIES 2"/>
  <Event value="0EF" name="VALKYRIES 3"/>
  <Event value="0F0" name="VALKYRIES 4"/>
  <Event value="0F1" name="DELTA 1"/>
  <Event value="0F2" name="DELTA 2"/>
  <Event value="0F3" name="DELTA 3"/>
  <Event value="0F4" name="DELTA 4"/>
  <Event value="0F5" name="TERMINATE 1"/>
  <Event value="0F6" name="TERMINATE 2"/>
  <Event value="0F7" name="TERMINATE 3"/>
  <Event value="0F8" name="TERMINATE 4"/>
  <Event value="0F9" name="NOGIAS 1"/>
  <Event value="0FA" name="NOGIAS 2"/>
  <Event value="0FB" name="NOGIAS 3"/>
  <Event value="0FC" name="NOGIAS 4"/>

  <Event value="100" name="Start of game inside Orbonne"/>
  <Event value="183" name="Orbonne Monastery"/>

  <Event value="188" name="Military Academy"/>
  <Event value="184" name="Magic City Gariland"/>
  <Event value="104" name="Balbanes's Death"/>
  <Event value="185" name="Mandalia Plains"/>
  <Event value="189" name="First meeting with Algus"/>
  <Event value="107" name="Cadets praised by Dycedarg"/>
  <Event value="186" name="Igros Castle: Family meeting"/>
  <Event value="180" name="Sweegy Woods"/>
  <Event value="181" name="Slums in Dorter"/>
  <Event value="187" name="Interrogation"/>
  <Event value="182" name="Sand Rat Cellar"/>
  <Event value="18A" name="Rescuing the Marquis"/>
  <Event value="101" name="Being praised by Larg"/>
  <Event value="18B" name="Thieves Fort"/>
  <Event value="18C" name="Miluda's defeat"/>
  <Event value="18D" name="Raid on the Beoulves"/>
  <Event value="10B" name="Meet with bedridden Dycedarg"/>
  <Event value="18E" name="Parting ways with Algus"/>
  <Event value="10C" name="Reed Whistle"/>
  <Event value="18F" name="Lenalia Plateau"/>
  <Event value="10D" name="Wiegraf berating Golagros"/>
  <Event value="190" name="Windmill Shed"/>
  <Event value="10E" name="Finding Teta gone"/>
  <Event value="191" name="Fort Zeakden"/>
  <Event value="10F" name="Fort Zeakden explosion"/>
  
  <Event value="110" name="Orbonne Monastery (Chapter 2)"/>
  <Event value="193" name="Dorter Trade City (Chapter 2)"/>	
  <Event value="194" name="Araguay Woods"/>
  <Event value="195" name="Zirekile Falls"/>
  <Event value="196" name="Receiving the Princess"/>
  <Event value="197" name="Zaland Fort City"/>
  <Event value="198" name="Ovelia allows Mustadio to join"/>
  <Event value="113" name="Heart to heart: Agrias and Ovelia"/>
  <Event value="199" name="Bariaus Hill"/>
  <Event value="114" name="Dycedarg/Gafgarion chat"/>
  <Event value="116" name="Draclau Meeting"/>
  <Event value="117" name="Draclau Meeting Part 2"/>
  <Event value="115" name="Mustadio running from Rudvich"/>
  <Event value="19A" name="Zigolis Swamp"/>
  <Event value="118" name="Arriving in Goug"/>
  <Event value="19B" name="Slums in Goug"/>
  <Event value="19C" name="Rescuing Besrodio"/>
  <Event value="11A" name="Meeting with Delita in Warjilis"/>
  <Event value="11B" name="Draclau/Gafgarion/Rudvich"/>
  <Event value="19D" name="Bariaus Valley"/>
  <Event value="19E" name="Golgorand Execution Site"/>
  <Event value="11C" name="Delita/Ovelia talk (Lionel)"/>
  <Event value="19F" name="At the Gate of Lionel Castle"/>
  <Event value="1A0" name="Inside Lionel Castle"/>
  <Event value="11D" name="Delita killing Gelwan"/>

  <Event value="11F" name="Goltana meets with leaders"/>
  <Event value="1A1" name="Goland Coal City"/>
  <Event value="1A2" name="Ramza and Olan meeting"/>	
  <Event value="1A4" name="Back Gate of Lesalia"/>
  <Event value="126" name="Ramza meeting with Zalbag"/>
  <Event value="1A5" name="Alma joining you"/>
  <Event value="128" name="Arrival at Orbonne (Chapter 3)"/>
  <Event value="1A6" name="Book Storage Second Floor"/>
  <Event value="1A7" name="Book Storage Third Floor"/>
  <Event value="1A8" name="Book Storage First Floor"/>
  <Event value="1A9" name="Wiegraf escaping Orbonne"/>
  <Event value="12A" name="Meeting with Malak in Dorter"/>
  <Event value="12B" name="Delita comforting Ovelia"/>
  <Event value="1AA" name="Grog Hill"/>
  <Event value="1AB" name="Meeting with Olan (Goland)"/>
  <Event value="1AC" name="Yardow Fort City"/>
  <Event value="1AD" name="Exploding Frog (Yardow)"/> 
  <Event value="1AE" name="Yuguo Woods"/>
  <Event value="12E" name="Barinten pressures Vormav"/>
  <Event value="1AF" name="At the Gate of Riovanes Castle"/>
  <Event value="12F" name="Dying Knight tells Alma to leave"/>
  <Event value="1B0" name="Inside of Riovanes Castle"/>
  <Event value="130" name="Alma kidnapped by Vormav"/>
  <Event value="1B1" name="Riovanes Rooftop"/>
  <Event value="1B2" name="Rafa reviving Malak"/>
  <Event value="132" name="Chapter 3 End (Riovanes)"/>
	
  <Event value="135" name="Chapter 4 Start (Riovanes)"/>
  <Event value="137" name="Orlandu Musing (Zeltennia)"/>
  <Event value="1BA" name="Doguola Pass"/>
  <Event value="1BB" name="Bervenia Free City"/>
  <Event value="1BC" name="Finath River"/>
  <Event value="138" name="Ramza/Delita church meeting" />
  <Event value="1BD" name="Church outside the Town"/>
  <Event value="1BE" name="Meeting Balmafula"/>
  <Event value="1BF" name="Bed Desert"/>
  <Event value="13B" name="Goltana throwing Cid in Prison"/>
  <Event value="1C0" name="South Wall of Bethla Garrison"/>
  <Event value="1C1" name="North Wall of Bethla Garrison"/>
  <Event value="13C" name="Dycedarg killing Larg"/>
  <Event value="1C2" name="Bethla Garrison's sluice"/>
  <Event value="13D" name="Orlandu joining you"/>
  <Event value="1C3" name="Assassination of Goltana"/>
  <Event value="1C4" name="Germinas Peak"/>
  <Event value="1C5" name="Poeskas Lake"/>
  <Event value="140" name="Rofel's gift to Dycedarg"/>
  <Event value="1C6" name="At the Gate of Limberry Castle"/>	
  <Event value="1C7" name="Elmdor/Vormav (Limberry)"/>		  
  <Event value="1C8" name="Inside of Limberry Castle"/>
  <Event value="1C9" name="Cemetery of Limberry"/>	
  <Event value="1CA" name="Meliadoul joins you"/>
  <Event value="143" name="Olan captured by Delita"/>
  <Event value="144" name="Zalbag at his father's grave"/>
  <Event value="145" name="Ramza enters Igros (Chapter 4)"/>
  <Event value="1CB" name="Inside of Igros Castle"/>
  <Event value="146" name="Vormav killing Funeral"/>
  <Event value="1CC" name="Murond Holy Place"/>
  <Event value="1CD" name="Hall of St. Murond Temple"/>
  <Event value="1CE" name="Chapel of St. Murond Temple"/>
  <Event value="147" name="Ramza and the dying Funeral"/>
	
  <Event value="1B3" name="Book Storage Fourth Floor"/>
  <Event value="1B4" name="Book Storage Fifth Floor"/>
  <Event value="1B5" name="Rofel locking Ramza in Murond"/>
  <Event value="1B6" name="Murond Death City (Kletian)"/>
  <Event value="1B7" name="Murond Death City (Balk)"/>
  <Event value="1B8" name="Graveyard of Airships (1)"/>
  <Event value="1B9" name="Graveyard of Airships (2)"/>
  <Event value="134" name="Ending - Cemetery"/>
  <Event value="133" name="Delita/Ovelia ending scene"/>

  <Event value="148" name="Meeting with Aeris"/>
  <Event value="149" name="Bar Rumors of Deep Dungeon"/>
  <Event value="14A" name="Meet Beowulf"/>	
  <Event value="122" name="Besrodio's machine #1"/>
  <Event value="123" name="Enter Worker 8"/>
  <Event value="124" name="Besrodio's machine #2"/>
  <Event value="125" name="Enter Cloud"/>
  <Event value="1A3" name="Zarghidas Trade City"/>
  <Event value="1CF" name="Colliery Third Floor"/>
  <Event value="1D0" name="Colliery Second Floor"/>
  <Event value="1D1" name="Colliery First Floor"/>
  <Event value="1D2" name="Underground Pass in Goland"/>
  <Event value="1D4" name="Nelveska Temple"/>
  <Event value="1D5" name="Reis: Dragon -> Human"/>

  <Event value="192" name="END"/>
  
  <Event value="1DB" name="Test"/>
  <Event value="1DC" name="Test"/>
  <Event value="1DD" name="Test"/>
  <Event value="1DE" name="Test"/>
  <Event value="1DF" name="Test"/>
  <Event value="1E0" name="Test"/>
  <Event value="1E1" name="Test"/>
  <Event value="1E2" name="Test"/>
  <Event value="1E3" name="Test"/>
  <Event value="1E4" name="Test"/>
  <Event value="1E5" name="Test"/>
  <Event value="1E6" name="Test"/>
  <Event value="1E7" name="Test"/>
  <Event value="1E8" name="Test"/>
  <Event value="1E9" name="Test"/>
  <Event value="1EA" name="Test"/>
  <Event value="1EB" name="Test"/>
  <Event value="1EC" name="Test"/>
  <Event value="1ED" name="Test"/>
  <Event value="1EE" name="Test"/>
  <Event value="1EF" name="Test"/>
  <Event value="1F0" name="Test"/>
  <Event value="1F1" name="Test"/>
  <Event value="1F2" name="Test"/>
  <Event value="1F3" name="Test"/>
  <Event value="1F4" name="Test"/>
  <Event value="1F5" name="Test"/>
  <Event value="1F6" name="Test"/>
  <Event value="1F7" name="Test"/>
  <Event value="1F8" name="Test"/>
  <Event value="1F9" name="Test"/>
  <Event value="1FA" name="Test"/>
  <Event value="1FB" name="Test"/>
  <Event value="1FC" name="Test"/>
  <Event value="1FD" name="Test"/>
  <Event value="1FE" name="Test"/>
  <Event value="1FF" name="Test"/>

</Events>