﻿<?xml version="1.0" encoding="utf-8" ?>
<!--
    Copyright 2007, Joe Davidson <joedavidson@gmail.com>

    This file is part of FFTPatcher.

    FFTPatcher is free software: you can redistribute it and/or modify
    it under the terms of the GNU General Public License as published by
    the Free Software Foundation, either version 3 of the License, or
    (at your option) any later version.

    FFTPatcher is distributed in the hope that it will be useful,
    but WITHOUT ANY WARRANTY; without even the implied warranty of
    MERCHANTABILITY or FITNESS FOR A PARTICULAR PURPOSE.  See the
    GNU General Public License for more details.

    You should have received a copy of the GNU General Public License
    along with FFTPatcher.  If not, see <http://www.gnu.org/licenses/>.
-->
<Jobs>

  <Job offset="01" name="Squire"/>
  <Job offset="02" name="Squire"/>
  <Job offset="03" name="Squire"/>
  <Job offset="04" name="Squire"/>
  <Job offset="05" name="Holy Knight"/>
  <Job offset="06" name="Arc Knight"/>
  <Job offset="07" name="Squire"/>
  <Job offset="08" name="Arc Knight"/>
  <Job offset="09" name="Lune Knight"/>
  <Job offset="0A" name="Duke"/>
  <Job offset="0B" name="Duke"/>
  <Job offset="0C" name="Princess"/>
  <Job offset="0D" name="Holy Swordsman"/>
  <Job offset="0E" name="High Priest"/>
  <Job offset="0F" name="Dragoner"/>
  <Job offset="10" name="Holy Priest"/>
  <Job offset="11" name="Dark Knight"/>
  <Job offset="12" name="Hell Knight"/>
  <Job offset="13" name="Bishop"/>
  <Job offset="14" name="Cleric"/>
  <Job offset="15" name="Astrologist"/>
  <Job offset="16" name="Engineer"/>
  <Job offset="17" name="Dark Knight"/>
  <Job offset="18" name="Cardinal"/>
  <Job offset="19" name="Heaven Knight"/>
  <Job offset="1A" name="Hell Knight"/>
  <Job offset="1B" name="Arc Knight"/>
  <Job offset="1C" name="Delita's Sis"/>
  <Job offset="1D" name="Arc Duke"/>
  <Job offset="1E" name="Holy Knight"/>
  <Job offset="1F" name="Temple Knight"/>
  <Job offset="20" name="White Knight"/>
  <Job offset="21" name="Arc Witch"/>
  <Job offset="22" name="Engineer"/>
  <Job offset="23" name="Bi-Count"/>
  <Job offset="24" name="Divine Knight"/>
  <Job offset="25" name="Divine Knight"/>
  <Job offset="26" name="Knight Blade"/>
  <Job offset="27" name="Sorcerer"/>
  <Job offset="28" name="White Knight"/>
  <Job offset="29" name="Heaven Knight"/>
  <Job offset="2A" name="Divine Knight"/>
  <Job offset="2B" name="Engineer"/>
  <Job offset="2C" name="Cleric"/>
  <Job offset="2D" name="Assassin"/>
  <Job offset="2E" name="Assassin"/>
  <Job offset="2F" name="Divine Knight"/>
  <Job offset="30" name="Cleric"/>
  <Job offset="31" name="Phony Saint"/>
  <Job offset="32" name="Soldier"/>
  <Job offset="33" name="Arc Knight"/>
  <Job offset="34" name="Holy Knight"/>
  <Job offset="35" name="Chemist"/>
  <Job offset="36" name="Priest"/>
  <Job offset="37" name="Wizard"/>
  <Job offset="38" name="Oracle"/>
  <Job offset="39" name="Oracle"/>

  <Job offset="3C" name="Warlock"/>
  <Job offset="3D" name="Knight"/>
  <Job offset="3E" name="Angel of Death"/>
  <Job offset="3F" name="Archer"/>
  <Job offset="40" name="Regulator"/>
  <Job offset="41" name="Holy Angel"/>
  <Job offset="42" name="Wizard"/>
  <Job offset="43" name="Impure King"/>
  <Job offset="44" name="Time Mage"/>
  <Job offset="45" name="Ghost of Fury"/>
  <Job offset="46" name="Oracle"/>
  <Job offset="47" name="Summoner"/>
  <Job offset="48" name="Holy Dragon"/>
  <Job offset="49" name="Arch Angel"/>
  <Job offset="4A" name="Squire"/>
  <Job offset="4B" name="Chemist"/>
  <Job offset="4C" name="Knight"/>
  <Job offset="4D" name="Archer"/>
  <Job offset="4E" name="Monk"/>
  <Job offset="4F" name="Priest"/>
  <Job offset="50" name="Wizard"/>
  <Job offset="51" name="Time Mage"/>
  <Job offset="52" name="Summoner"/>
  <Job offset="53" name="Thief"/>
  <Job offset="54" name="Mediator"/>
  <Job offset="55" name="Oracle"/>
  <Job offset="56" name="Geomancer"/>
  <Job offset="57" name="Lancer"/>
  <Job offset="58" name="Samurai"/>
  <Job offset="59" name="Ninja"/>
  <Job offset="5A" name="Calculator"/>
  <Job offset="5B" name="Bard"/>
  <Job offset="5C" name="Dancer"/>
  <Job offset="5D" name="Mime"/>
  <Job offset="5E" name="Chocobo"/>
  <Job offset="5F" name="Black Chocobo"/>
  <Job offset="60" name="Red Chocobo"/>
  <Job offset="61" name="Goblin"/>
  <Job offset="62" name="Black Goblin"/>
  <Job offset="63" name="Gobbledeguck"/>
  <Job offset="64" name="Bomb"/>
  <Job offset="65" name="Grenade"/>
  <Job offset="66" name="Explosive"/>
  <Job offset="67" name="Red Panther"/>
  <Job offset="68" name="Cuar"/>
  <Job offset="69" name="Vampire"/>
  <Job offset="6A" name="Pisco Demon"/>
  <Job offset="6B" name="Squidlarkin"/>
  <Job offset="6C" name="Mindflare"/>
  <Job offset="6D" name="Skeleton"/>
  <Job offset="6E" name="Bone Snatch"/>
  <Job offset="6F" name="Living Bone"/>
  <Job offset="70" name="Ghoul"/>
  <Job offset="71" name="Gust"/>
  <Job offset="72" name="Revnant"/>
  <Job offset="73" name="Flotiball"/>
  <Job offset="74" name="Ahriman"/>
  <Job offset="75" name="Plague"/>
  <Job offset="76" name="Juravis"/>
  <Job offset="77" name="Steel Hawk"/>
  <Job offset="78" name="Cocatoris"/>
  <Job offset="79" name="Uribo"/>
  <Job offset="7A" name="Porky"/>
  <Job offset="7B" name="Wildbow"/>
  <Job offset="7C" name="Woodman"/>
  <Job offset="7D" name="Trent"/>
  <Job offset="7E" name="Taiju"/>
  <Job offset="7F" name="Bull Demon"/>
  <Job offset="80" name="Minitaurus"/>
  <Job offset="81" name="Sacred"/>
  <Job offset="82" name="Morbol"/>
  <Job offset="83" name="Ochu"/>
  <Job offset="84" name="Great Morbol"/>
  <Job offset="85" name="Behemoth"/>
  <Job offset="86" name="King Behemoth"/>
  <Job offset="87" name="Dark Behemoth"/>
  <Job offset="88" name="Dragon"/>
  <Job offset="89" name="Blue Dragon"/>
  <Job offset="8A" name="Red Dragon"/>
  <Job offset="8B" name="Hyudra"/>
  <Job offset="8C" name="Hydra"/>
  <Job offset="8D" name="Tiamat"/>

  <Job offset="90" name="Byblos"/>
  <Job offset="91" name="Steel Giant"/>
  
  <Job offset="96" name="Apanda"/>
  <Job offset="97" name="Serpentarius"/>
  
  <Job offset="99" name="Archaic Demon"/>
  <Job offset="9A" name="Ultima Demon"/>
  
</Jobs>