﻿<?xml version="1.0" encoding="utf-8" ?>
<MapNames>
  <Map value="0">(No name)</Map>
  <Map value="1">At main gate of Igros Castle</Map>
  <Map value="2">Back gate of Lesalia Castle</Map>
  <Map value="3">Hall of St. Murond Temple</Map>
  <Map value="4">Office of Lesalia Castle</Map>
  <Map value="5">Roof of Riovanes Castle</Map>
  <Map value="6">At the gate of Riovanes Castle</Map>
  <Map value="7">Inside of Riovanes Castle</Map>
  <Map value="8">Riovanes Castle</Map>
  <Map value="9">Citadel of Igros Castle</Map>
  <Map value="10">Inside of Igros Castle</Map>
  <Map value="11">Office of Igros Castle</Map>
  <Map value="12">At the gate of Lionel Castle</Map>
  <Map value="13">Inside of Lionel Castle</Map>
  <Map value="14">Office of Lionel Castle</Map>
  <Map value="15">At the gate of Limberry Castle</Map>
  <Map value="16">Inside of Limberry Castle</Map>
  <Map value="17">Underground cemetery of Limberry Castle</Map>
  <Map value="18">Office of Limberry Castle</Map>
  <Map value="19">At the gate of Limberry Castle</Map>
  <Map value="20">Inside of Zeltennia Castle</Map>
  <Map value="21">Zeltennia Castle</Map>
  <Map value="22">Magic City Gariland</Map>
  <Map value="23">Beoulve residence</Map>
  <Map value="24">Military Academy's Auditorium</Map>
  <Map value="25">Yardow Fort City</Map>
  <Map value="26">Weapon storage of Yardow</Map>
  <Map value="27">Goland Coal City</Map>
  <Map value="28">Colliery underground First floor</Map>
  <Map value="29">Colliery underground Second floor</Map>
  <Map value="30">Colliery underground Third floor</Map>
  <Map value="31">Dorter Trade City</Map>
  <Map value="32">Slums in Dorter</Map>
  <Map value="33">Hospital in slums</Map>
  <Map value="34">Cellar of Sand Mouse</Map>
  <Map value="35">Zaland Fort City</Map>
  <Map value="36">Church outside the town</Map>
  <Map value="37">Ruins outside Zaland</Map>
  <Map value="38">Goug Machine City</Map>
  <Map value="39">Underground passage in Goland</Map>
  <Map value="40">Slums in Goug</Map>
  <Map value="41">Besrodio's house</Map>
  <Map value="42">Warjilis Trade City</Map>
  <Map value="43">Port of Warjilis</Map>
  <Map value="44">Bervenia Free City</Map>
  <Map value="45">Ruins of Zeltennia Castle's church</Map>
  <Map value="46">Cemetery of Heavenly Knight, Balbanes</Map>
  <Map value="47">Zarghidas Trade City</Map>
  <Map value="48">Slums of Zarghidas</Map>
  <Map value="49">Fort Zeakden</Map>
  <Map value="50">St. Murond Temple</Map>
  <Map value="51">St. Murond Temple</Map>
  <Map value="52">Chapel of St. Murond Temple</Map>
  <Map value="53">Entrance to Death City</Map>
  <Map value="54">Lost Sacred Precincts</Map>
  <Map value="55">Graveyard of Airships</Map>
  <Map value="56">Orbonne Monastery</Map>
  <Map value="57">Underground Book Storage First Floor</Map>
  <Map value="58">Underground Book Storage Second Floor</Map>
  <Map value="59">Underground Book Storage Third Floor</Map>
  <Map value="60">Underground Book Storage Fourth Floor</Map>
  <Map value="61">Underground Book Storage Fifth Floor</Map>
  <Map value="62">Chapel of Orbonne Monastery</Map>
  <Map value="63">Golgorand Execution Site</Map>
  <Map value="64">In front of Bethla Garrison's Sluice</Map>
  <Map value="65">Granary of Bethla Garrison</Map>
  <Map value="66">South Wall of Bethla Garrison</Map>
  <Map value="67">North Wall of Bethla Garrison</Map>
  <Map value="68">Bethla Garrison</Map>
  <Map value="69">Murond Death City</Map>
  <Map value="70">Nelveska Temple</Map>
  <Map value="71">Dolbodar Swamp</Map>
  <Map value="72">Fovoham Plains</Map>
  <Map value="73">Inside of windmill Shed</Map>
  <Map value="74">Sweegy Woods</Map>
  <Map value="75">Bervenia Volcano</Map>
  <Map value="76">Zeklaus Desert</Map>
  <Map value="77">Lenalia Plateau</Map>
  <Map value="78">Zigolis Swamp</Map>
  <Map value="79">Yuguo Woods</Map>
  <Map value="80">Araguay Woods</Map>
  <Map value="81">Grog Hill</Map>
  <Map value="82">Bed Desert</Map>
  <Map value="83">Zirekile Falls</Map>
  <Map value="84">Bariaus Hill</Map>
  <Map value="85">Mandalia Plains</Map>
  <Map value="86">Doguola Pass</Map>
  <Map value="87">Bariaus Valley</Map>
  <Map value="88">Finath River</Map>
  <Map value="89">Poeskas Lake</Map>
  <Map value="90">Germinas Peak</Map>
  <Map value="91">Thieves Fort</Map>
  <Map value="92">Igros·Beoulve residence</Map>
  <Map value="93">Broke down shed·Wooden building</Map>
  <Map value="94">Broke down shed·Stone building</Map>
  <Map value="95">Church</Map>
  <Map value="96">Pub</Map>
  <Map value="97">Inside castle gate in Lesalia</Map>
  <Map value="98">Outside castle gate in Lesalia</Map>
  <Map value="99">Main street of Lesalia</Map>
  <Map value="100">Public cemetary</Map>
  <Map value="101">For tutorial 1</Map>
  <Map value="102">For tutorial 2</Map>
  <Map value="103">Windmill shed</Map>
  <Map value="104">A room of Beoulve residence</Map>
  <Map value="105">terminate</Map>
  <Map value="106">delta</Map>
  <Map value="107">nogias</Map>
  <Map value="108">voyage</Map>
  <Map value="109">bridge</Map>
  <Map value="110">valkyries</Map>
  <Map value="111">mlapan</Map>
  <Map value="112">tiger</Map>
  <Map value="113">horror</Map>
  <Map value="114">end</Map>
  <Map value="115">Banished fort</Map>
  <Map value="116">(No name) -- Battle Arena</Map>
  <Map value="117">(No name) -- Checkerboard Wall</Map>
  <Map value="118">(No name) -- Checkerboard Wall ???</Map>
  <Map value="119">(No name) -- Checkerboard Wall Waterland</Map>
  <Map value="120">(Garbled name) -- Sloped Checkerboard</Map>
  <Map value="121"></Map>
  <Map value="122"></Map>
  <Map value="123"></Map>
  <Map value="124"></Map>
  <Map value="125"></Map>
  <Map value="126"></Map>
  <Map value="127"></Map>
</MapNames>   
              