﻿<?xml version="1.0" encoding="utf-8" ?>
<Propositions>
    <entry value="0" name="Destiny of the Company"/>
    <entry value="1" name="Sunken Salvage Tour"/>
    <entry value="2" name="Sailor Tour"/>
    <entry value="3" name="Larner Channel Waves"/>
    <entry value="4" name="Attractive Workplace"/>
    <entry value="5" name="Salvage the Trade Ship!"/>
    <entry value="6" name="Envoy ship, Falcon"/>
    <entry value="7" name="Heir of Mesa"/>
    <entry value="8" name="Salvage the Trade Ship!"/>
    <entry value="9" name="Emissary of Lionel"/>
    <entry value="10" name="Zaland Embassy"/>
    <entry value="11" name="Stolen Ancient Writings"/>
    <entry value="12" name="Good Workplace and Job!"/>
    <entry value="13" name="Sea of Gredia Island"/>
    <entry value="14" name="Stranded Trade Ship"/>
    <entry value="15" name="Trade Ship Douing"/>
    <entry value="16" name="Mine Excavation Tour"/>
    <entry value="17" name="Miner's Tour"/>
    <entry value="18" name="Will of Elder Topa"/>
    <entry value="19" name="Miner's Tour 2"/>
    <entry value="20" name="Dream of a Miner"/>
    <entry value="21" name="Vacancy!"/>
    <entry value="22" name="Miners Wanted!"/>
    <entry value="23" name="Girl at Gulg Volcano"/>
    <entry value="24" name="Hidden Trap at the Maze"/>
    <entry value="25" name="Himka Cliffs"/>
    <entry value="26" name="The Lord's Ore"/>
    <entry value="27" name="One Activity"/>
    <entry value="28" name="Miners Wanted! 2"/>
    <entry value="29" name="Rolade Ore Company"/>
    <entry value="30" name="Testimony of Ex-miner"/>
    <entry value="31" name="Death Canyon"/>
    <entry value="32" name="Discovery Race"/>
    <entry value="33" name="Poeskas Lake Bottom"/>
    <entry value="34" name="Discovery Race 2"/>
    <entry value="35" name="Legendary Traces"/>
    <entry value="36" name="Discovery Race 3"/>
    <entry value="37" name="Deep in Sweegy Woods"/>
    <entry value="38" name="Ruins at Bed Desert"/>
    <entry value="39" name="Adventurer Ramzen"/>
    <entry value="40" name="I saw it."/>
    <entry value="41" name="Discovery Tour"/>
    <entry value="42" name="Storm of Zigolis!"/>
    <entry value="43" name="Ominous Dungeon"/>
    <entry value="44" name="Adventurer Wanted!"/>
    <entry value="45" name="I saw it! I swear!"/>
    <entry value="46" name="Concerns of a Merchant"/>
    <entry value="47" name="Mountain of Rain"/>
    <entry value="48" name="Defeat Golden Gotsko!"/>
    <entry value="49" name="Defeat Behemoth!"/>
    <entry value="50" name="Trap of the Bandits"/>
    <entry value="51" name="Son, Pappal!"/>
    <entry value="52" name="Within the Darkness"/>
    <entry value="53" name="Defeat Whirlwind Karz!"/>
    <entry value="54" name="Minimum's Melancholy"/>
    <entry value="55" name="Terror of Assault Cave"/>
    <entry value="56" name="Challenge of Zero"/>
    <entry value="57" name="Phantom Thief Zero!"/>
    <entry value="58" name="Thief Zero Returns!"/>
    <entry value="59" name="Thief Zero Reborn!"/>
    <entry value="60" name="Thief Zero's Last Stand"/>
    <entry value="61" name="Legendary Monster"/>
    <entry value="62" name="Sullen Experiment"/>
    <entry value="63" name="Fiar's Request"/>
    <entry value="64" name="Dream child"/>
    <entry value="65" name="Protect the Little Life"/>
    <entry value="66" name="If wishes come true"/>
    <entry value="67" name="My Little Carrot"/>
    <entry value="68" name="Secret Door"/>
    <entry value="69" name="Orders of Coast Guard"/>
    <entry value="70" name="Devil in the Dark"/>
    <entry value="71" name="Mother"/>
    <entry value="72" name="My treasure"/>
    <entry value="73" name="The Greatest Plan"/>
    <entry value="74" name="Secret Society"/>
    <entry value="75" name="How much is Life worth?"/>
    <entry value="76" name="Letter to my Love"/>
    <entry value="77" name="Minimum's Melancholy"/>
    <entry value="78" name="Road of Beasts"/>
    <entry value="79" name="True Romance"/>
    <entry value="80" name="Shy Katedona"/>
    <entry value="81" name="Master Math!"/>
    <entry value="82" name="Sad Traveling Artist"/>
    <entry value="83" name="Minimum's Melancholy"/>
    <entry value="84" name="Machinist Contest"/>
    <entry value="85" name="Traveling Artist Mameko"/>
    <entry value="86" name="Chocobo Restaurant"/>
    <entry value="87" name="Wandering Gambler"/>
    <entry value="88" name="Wandering Gambler"/>
    <entry value="89" name="Ringing of the Bell"/>
    <entry value="90" name="Memories"/>
    <entry value="91" name="Hard Lecture"/>
    <entry value="92" name="Win the Yardow Fight!"/>
    <entry value="93" name="Win the Zaland Fight!"/>
    <entry value="94" name="Win the Magic Contest!"/>
    <entry value="95" name="Meister Contest"/>
</Propositions>
