﻿<?xml version="1.0" encoding="utf-8" ?>
<!--
    Copyright 2007, Joe Davidson <joedavidson@gmail.com>

    This file is part of FFTPatcher.

    FFTPatcher is free software: you can redistribute it and/or modify
    it under the terms of the GNU General Public License as published by
    the Free Software Foundation, either version 3 of the License, or
    (at your option) any later version.

    FFTPatcher is distributed in the hope that it will be useful,
    but WITHOUT ANY WARRANTY; without even the implied warranty of
    MERCHANTABILITY or FITNESS FOR A PARTICULAR PURPOSE.  See the
    GNU General Public License for more details.

    You should have received a copy of the GNU General Public License
    along with FFTPatcher.  If not, see <http://www.gnu.org/licenses/>.
-->
<SkillSets>

  <SkillSet byte="01" name="Attack"/>
  <SkillSet byte="02" name="Defend"/>
  <SkillSet byte="03" name="Equip Change"/>

  <SkillSet byte="05" name="Basic Skill"/>
  <SkillSet byte="06" name="Item"/>
  <SkillSet byte="07" name="Battle Skill"/>
  <SkillSet byte="08" name="Charge"/>
  <SkillSet byte="09" name="Punch Art"/>
  <SkillSet byte="0A" name="White Magic"/>
  <SkillSet byte="0B" name="Black Magic"/>
  <SkillSet byte="0C" name="Time Magic"/>
  <SkillSet byte="0D" name="Summon Magic"/>
  <SkillSet byte="0E" name="Steal"/>
  <SkillSet byte="0F" name="Talk Skill"/>
  <SkillSet byte="10" name="Ying-Yang Magic"/>
  <SkillSet byte="11" name="Elemental"/>
  <SkillSet byte="12" name="Jump"/>
  <SkillSet byte="13" name="Draw Out"/>
  <SkillSet byte="14" name="Throw"/>
  <SkillSet byte="15" name="Math Skill"/>
  <SkillSet byte="16" name="Sing"/>
  <SkillSet byte="17" name="Dance"/>
  <SkillSet byte="18" name="Mimic"/>
  <SkillSet byte="19" name="Guts"/>
  <SkillSet byte="1A" name="Guts"/>
  <SkillSet byte="1B" name="Guts"/>
  <SkillSet byte="1C" name="Guts"/>
  <SkillSet byte="1D" name="Holy Sword"/>
  <SkillSet byte="1E" name="Mighty Sword"/>
  <SkillSet byte="1F" name="Basic Skill"/>
  <SkillSet byte="20" name="Dark Sword"/>
  <SkillSet byte="21" name="Holy Sword"/>
  <SkillSet byte="22" name="Holy Sword"/>
  <SkillSet byte="23" name="Magic"/>
  <SkillSet byte="24" name="Holy Magic"/>
  <SkillSet byte="25" name="Snipe"/>
  <SkillSet byte="26" name="Snipe"/>
  <SkillSet byte="27" name="Dark Sword"/>
  <SkillSet byte="28" name="Holy Sword"/>
  <SkillSet byte="29" name="Limit"/>
  <SkillSet byte="2A" name="White-Aid"/>
  <SkillSet byte="2B" name="Dragon"/>
  <SkillSet byte="2C" name="Breath"/>
  <SkillSet byte="2D" name="Truth"/>
  <SkillSet byte="2E" name="Un-Truth"/>
  <SkillSet byte="2F" name="Starry Heaven"/>
  <SkillSet byte="30" name="Holy Sword"/>
  <SkillSet byte="31" name="Holy Magic"/>
  <SkillSet byte="32" name="Truth"/>
  <SkillSet byte="33" name="Battle Skill"/>
  <SkillSet byte="34" name="Jump"/>
  <SkillSet byte="35" name="Punch Skill"/>
  <SkillSet byte="36" name="Use Hand"/>
  <SkillSet byte="37" name="Use Hand"/>
  <SkillSet byte="38" name="Throw"/>
  <SkillSet byte="39" name="Throw"/>
  <SkillSet byte="3A" name="Holy Sword"/>
  <SkillSet byte="3B" name="Sword Spirit"/>
  <SkillSet byte="3C" name="Mighty Sword"/>
  <SkillSet byte="3D" name="All Magic"/>
  <SkillSet byte="3E" name="Sword Spirit"/>
  <SkillSet byte="3F" name="Blood Suck"/>
  <SkillSet byte="40" name="Mighty Sword"/>
  <SkillSet byte="41" name="All Magic"/>
  <SkillSet byte="42" name="Mighty Sword"/>
  <SkillSet byte="43" name="Mighty Sword"/>
  <SkillSet byte="44" name="Snipe"/>
  <SkillSet byte="45" name="Magic Sword"/>
  <SkillSet byte="46" name="Sword Skill"/>
  <SkillSet byte="47" name="All Magic"/>
  <SkillSet byte="48" name="All Magic"/>
  <SkillSet byte="49" name="Phantom"/>
  <SkillSet byte="4A" name="All Swordskill"/>
  <SkillSet byte="4B" name="Destroy Sword"/>
  <SkillSet byte="4C" name="Holy Magic"/>

  <SkillSet byte="67" name="Fear"/>
  <SkillSet byte="68" name="Warlock Summon"/>

  <SkillSet byte="6B" name="Fear"/>
  <SkillSet byte="6C" name="Ja Magic"/>

  <SkillSet byte="6F" name="Fear"/>
  <SkillSet byte="70" name="Dimension Magic"/>

  <SkillSet byte="73" name="Fear"/>
  <SkillSet byte="74" name="Impure"/>

  <SkillSet byte="77" name="Fear"/>
  <SkillSet byte="78" name="All Magic"/>

  <SkillSet byte="7B" name="Ultimate Magic"/>
  <SkillSet byte="7C" name="Chaos"/>
  <SkillSet byte="7D" name="Complete Magic"/>
  <SkillSet byte="7E" name="Saturation"/>

  <SkillSet byte="9B" name="Sword Skill"/>
  <SkillSet byte="9C" name="Charge"/>
  <SkillSet byte="9D" name="Black Magic"/>
  <SkillSet byte="9E" name="Time Magic"/>
  <SkillSet byte="9F" name="Ying-Yang Magic"/>
  <SkillSet byte="A0" name="Summon Magic"/>
  <SkillSet byte="A1" name="Item"/>
  <SkillSet byte="A2" name="White Magic"/>
  <SkillSet byte="A3" name="Black Magic"/>
  <SkillSet byte="A4" name="Ying-Yang Magic"/>

  <SkillSet byte="AA" name="Byblos"/>
  <SkillSet byte="AB" name="Work"/>
  <SkillSet byte="AC" name="Bio"/>
  <SkillSet byte="AD" name="Dark Cloud"/>
  <SkillSet byte="AE" name="Dark Magic"/>
  <SkillSet byte="AF" name="Night Magic"/>
  <SkillSet byte="B0" name="Chocobo"/>
  <SkillSet byte="B1" name="Black Chocobo"/>
  <SkillSet byte="B2" name="Red Chocobo"/>
  <SkillSet byte="B3" name="Goblin"/>
  <SkillSet byte="B4" name="Black Goblin"/>
  <SkillSet byte="B5" name="Gobbledeguck"/>
  <SkillSet byte="B6" name="Bomb"/>
  <SkillSet byte="B7" name="Grenade"/>
  <SkillSet byte="B8" name="Explosive"/>
  <SkillSet byte="B9" name="Red Panther"/>
  <SkillSet byte="BA" name="Cuar"/>
  <SkillSet byte="BB" name="Vampire"/>
  <SkillSet byte="BC" name="Pisco Demon"/>
  <SkillSet byte="BD" name="Squidlarkin"/>
  <SkillSet byte="BE" name="Mindflare"/>
  <SkillSet byte="BF" name="Skeleton"/>
  <SkillSet byte="C0" name="Bone Snatch"/>
  <SkillSet byte="C1" name="Living Bone"/>
  <SkillSet byte="C2" name="Ghoul"/>
  <SkillSet byte="C3" name="Ghost"/>
  <SkillSet byte="C4" name="Revenant"/>
  <SkillSet byte="C5" name="Flotiball"/>
  <SkillSet byte="C6" name="Ahriman"/>
  <SkillSet byte="C7" name="Plague"/>
  <SkillSet byte="C8" name="Juravis"/>
  <SkillSet byte="C9" name="Steel Hawk"/>
  <SkillSet byte="CA" name="Cockatoris"/>
  <SkillSet byte="CB" name="Uribo"/>
  <SkillSet byte="CC" name="Porky"/>
  <SkillSet byte="CD" name="Wildbow"/>
  <SkillSet byte="CE" name="Woodman"/>
  <SkillSet byte="CF" name="Trent"/>
  <SkillSet byte="D0" name="Taiju"/>
  <SkillSet byte="D1" name="Bull Demon"/>
  <SkillSet byte="D2" name="Minitaurus"/>
  <SkillSet byte="D3" name="Sacred"/>
  <SkillSet byte="D4" name="Morbol"/>
  <SkillSet byte="D5" name="Ochu"/>
  <SkillSet byte="D6" name="Great Morbol"/>
  <SkillSet byte="D7" name="Behemoth"/>
  <SkillSet byte="D8" name="King Behemoth"/>
  <SkillSet byte="D9" name="Dark Behemoth"/>
  <SkillSet byte="DA" name="Dragon"/>
  <SkillSet byte="DB" name="Blue Dragon"/>
  <SkillSet byte="DC" name="Red Dragon"/>
  <SkillSet byte="DD" name="Hyudra"/>
  <SkillSet byte="DE" name="Hydra"/>
  <SkillSet byte="DF" name="Tiamat"/>
</SkillSets>
