﻿<?xml version="1.0" encoding="utf-8" ?>
<!--
    Copyright 2007, Joe Davidson <joedavidson@gmail.com>

    This file is part of FFTPatcher.

    FFTPatcher is free software: you can redistribute it and/or modify
    it under the terms of the GNU General Public License as published by
    the Free Software Foundation, either version 3 of the License, or
    (at your option) any later version.

    FFTPatcher is distributed in the hope that it will be useful,
    but WITHOUT ANY WARRANTY; without even the implied warranty of
    MERCHANTABILITY or FITNESS FOR A PARTICULAR PURPOSE.  See the
    GNU General Public License for more details.

    You should have received a copy of the GNU General Public License
    along with FFTPatcher.  If not, see <http://www.gnu.org/licenses/>.
-->
<SpecialNames>

  <SpecialName byte="01" name="Ramza"/>
  <SpecialName byte="02" name="Ramza"/>
  <SpecialName byte="03" name="Ramza"/>
  <SpecialName byte="04" name="Delita"/>
  <SpecialName byte="05" name="Delita"/>
  <SpecialName byte="06" name="Delita"/>
  <SpecialName byte="07" name="Algus"/>
  <SpecialName byte="08" name="Zalbag"/>
  <SpecialName byte="09" name="Dycedarg"/>
  <SpecialName byte="0A" name="Larg"/>
  <SpecialName byte="0B" name="Goltana"/>
  <SpecialName byte="0C" name="Ovelia"/>
  <SpecialName byte="0D" name="Orlandu"/>
  <SpecialName byte="0E" name="Funeral"/>
  <SpecialName byte="0F" name="Reis"/>
  <SpecialName byte="10" name="Zalmo"/>
  <SpecialName byte="11" name="Gafgarion"/>
  <SpecialName byte="12" name="Malak"/>
  <SpecialName byte="13" name="Simon"/>
  <SpecialName byte="14" name="Alma"/>
  <SpecialName byte="15" name="Olan"/>
  <SpecialName byte="16" name="Mustadio"/>
  <SpecialName byte="17" name="Gafgarion"/>
  <SpecialName byte="18" name="Draclau"/>
  <SpecialName byte="19" name="Rafa"/>
  <SpecialName byte="1A" name="Malak"/>
  <SpecialName byte="1B" name="Elmdor"/>
  <SpecialName byte="1C" name="Teta"/>
  <SpecialName byte="1D" name="Barinten"/>
  <SpecialName byte="1E" name="Agrias"/>
  <SpecialName byte="1F" name="Beowulf"/>
  <SpecialName byte="20" name="Wiegraf"/>
  <SpecialName byte="21" name="Balmafula"/>
  <SpecialName byte="22" name="Mustadio"/>
  <SpecialName byte="23" name="Rudvich"/>
  <SpecialName byte="24" name="Vormav"/>
  <SpecialName byte="25" name="Rofel"/>
  <SpecialName byte="26" name="Izlude"/>
  <SpecialName byte="27" name="Kletian"/>
  <SpecialName byte="28" name="Wiegraf"/>
  <SpecialName byte="29" name="Rafa"/>
  <SpecialName byte="2A" name="Meliadoul"/>
  <SpecialName byte="2B" name="Balk"/>
  <SpecialName byte="2C" name="Alma"/>
  <SpecialName byte="2D" name="Celia"/>
  <SpecialName byte="2E" name="Lede"/>
  <SpecialName byte="2F" name="Meliadoul"/>
  <SpecialName byte="30" name="Alma"/>
  <SpecialName byte="31" name="Ajora"/>
  <SpecialName byte="32" name="Cloud"/>
  <SpecialName byte="33" name="Zalbag"/>
  <SpecialName byte="34" name="Agrias"/>

  <SpecialName byte="3C" name="Velius"/>

  <SpecialName byte="3E" name="Zalera"/>
  
  <SpecialName byte="40" name="Hashmalum"/>
  <SpecialName byte="41" name="Altima"/>
  
  <SpecialName byte="43" name="Queklain"/>
  <SpecialName byte="44" name="Rofokare"/>
  <SpecialName byte="45" name="Adramelk"/>
  
  <SpecialName byte="48" name="Reis"/>
  <SpecialName byte="49" name="Altima"/>
  <SpecialName byte="4A" name="Gustav"/>
  <SpecialName byte="4B" name="Miluda"/>
  <SpecialName byte="4C" name="Golagros"/>

  <SpecialName byte="73" name="Worker 7"/>
  <SpecialName byte="74" name="Sinogue"/>
  <SpecialName byte="75" name="Worker 8"/>
  <SpecialName byte="76" name="Boco"/>
  <SpecialName byte="77" name="Elidibs"/>
  <SpecialName byte="78" name="Lavian"/>
  <SpecialName byte="79" name="Alicia"/>
  <SpecialName byte="7A" name="Fukes"/>
  <SpecialName byte="7B" name="Dish"/>
  <SpecialName byte="7C" name="Viggs"/>
  <SpecialName byte="7D" name="Wezaleff"/>
  <SpecialName byte="7E" name="Lezales"/>
  <SpecialName byte="7F" name="Rad"/>

  <SpecialName byte="FE" name="Ramza Beoulve"/>
  <SpecialName byte="FF" name="&lt;Random&gt;"/>
</SpecialNames>