﻿<?xml version="1.0" encoding="utf-8" ?>
<!--
    Copyright 2007, Joe Davidson <joedavidson@gmail.com>

    This file is part of FFTPatcher.

    FFTPatcher is free software: you can redistribute it and/or modify
    it under the terms of the GNU General Public License as published by
    the Free Software Foundation, either version 3 of the License, or
    (at your option) any later version.

    FFTPatcher is distributed in the hope that it will be useful,
    but WITHOUT ANY WARRANTY; without even the implied warranty of
    MERCHANTABILITY or FITNESS FOR A PARTICULAR PURPOSE.  See the
    GNU General Public License for more details.

    You should have received a copy of the GNU General Public License
    along with FFTPatcher.  If not, see <http://www.gnu.org/licenses/>.
-->
<Sprites>
  <Sprite byte="01" name="Ramza"/>
  <Sprite byte="02" name="Ramza"/>
  <Sprite byte="03" name="Ramza"/>
  <Sprite byte="04" name="Delita"/>
  <Sprite byte="05" name="Delita"/>
  <Sprite byte="06" name="Delita"/>
  <Sprite byte="07" name="Algus"/>
  <Sprite byte="08" name="Zalbag"/>
  <Sprite byte="09" name="Dycedarg"/>
  <Sprite byte="0A" name="Larg"/>
  <Sprite byte="0B" name="Goltana"/>
  <Sprite byte="0C" name="Ovelia"/>
  <Sprite byte="0D" name="Orlandu"/>
  <Sprite byte="0E" name="High Priest"/>
  <Sprite byte="0F" name="Reis"/>
  <Sprite byte="10" name="Zalmo"/>
  <Sprite byte="11" name="Gafgarion"/>
  <Sprite byte="12" name="Malak"/>
  <Sprite byte="13" name="Simon"/>
  <Sprite byte="14" name="Alma"/>
  <Sprite byte="15" name="Olan"/>
  <Sprite byte="16" name="Mustadio"/>
  <Sprite byte="17" name="Gafgarion"/>
  <Sprite byte="18" name="Draclau"/>
  <Sprite byte="19" name="Rafa"/>
  <Sprite byte="1A" name="Malak"/>
  <Sprite byte="1B" name="Elmdor"/>
  <Sprite byte="1C" name="Teta"/>
  <Sprite byte="1D" name="Barinten"/>
  <Sprite byte="1E" name="Agrias"/>
  <Sprite byte="1F" name="Beowulf"/>
  <Sprite byte="20" name="Wiegraf"/>
  <Sprite byte="21" name="Balmafula"/>
  <Sprite byte="22" name="Mustadio"/>
  <Sprite byte="23" name="Rudvich"/>
  <Sprite byte="24" name="Vormav"/>
  <Sprite byte="25" name="Rofel"/>
  <Sprite byte="26" name="Izlude"/>
  <Sprite byte="27" name="Kletian"/>
  <Sprite byte="28" name="Wiegraf"/>
  <Sprite byte="29" name="Rafa"/>
  <Sprite byte="2A" name="Meliadoul"/>
  <Sprite byte="2B" name="Balk"/>
  <Sprite byte="2C" name="Alma"/>
  <Sprite byte="2D" name="Celia"/>
  <Sprite byte="2E" name="Lede"/>
  <Sprite byte="2F" name="Meliadoul"/>
  <Sprite byte="30" name="Alma"/>
  <Sprite byte="31" name="Ajora"/>
  <Sprite byte="32" name="Cloud"/>
  <Sprite byte="33" name="Zalbag"/>
  <Sprite byte="34" name="Agrias"/>

  <Sprite byte="3C" name="Velius"/>
  <Sprite byte="3D" name="Undead Knight"/>
  <Sprite byte="3E" name="Zalera"/>

  <Sprite byte="40" name="Hashmalum"/>
  <Sprite byte="41" name="Altima"/>

  <Sprite byte="43" name="Queklain"/>
  <Sprite byte="44" name="Rofokare"/>
  <Sprite byte="45" name="Adramelk"/>

  <Sprite byte="48" name="Holy Dragon"/>
  <Sprite byte="49" name="Altima"/>
  <Sprite byte="4A" name="Gustav"/>
  <Sprite byte="4B" name="Miluda"/>
  <Sprite byte="4C" name="Golagros"/>

  <Sprite byte="73" name="Worker 7"/>
  <Sprite byte="74" name="Sinogue"/>
  <Sprite byte="75" name="Worker 8"/>
  <Sprite byte="76" name="Boco"/>
  <Sprite byte="77" name="Elidibs"/>
  <Sprite byte="78" name="Lavian"/>
  <Sprite byte="79" name="Alicia"/>
  <Sprite byte="7A" name="Fukes"/>
  <Sprite byte="7B" name="Dish"/>
  <Sprite byte="7C" name="Viggs"/>
  <Sprite byte="7D" name="Wezaleff"/>
  <Sprite byte="7E" name="Lezales"/>
  <Sprite byte="7F" name="Rad"/>
  <Sprite byte="80" name="Generic Male"/>
  <Sprite byte="81" name="Generic Female"/>
  <Sprite byte="82" name="Monster"/>

  <Sprite byte="FE" name="~"/>
  <Sprite byte="FF" name="---"/>
</Sprites>

