﻿<?xml version="1.0" encoding="utf-8" ?>
<!--
    Copyright 2007, Joe Davidson <joedavidson@gmail.com>

    This file is part of FFTPatcher.

    FFTPatcher is free software: you can redistribute it and/or modify
    it under the terms of the GNU General Public License as published by
    the Free Software Foundation, either version 3 of the License, or
    (at your option) any later version.

    FFTPatcher is distributed in the hope that it will be useful,
    but WITHOUT ANY WARRANTY; without even the implied warranty of
    MERCHANTABILITY or FITNESS FOR A PARTICULAR PURPOSE.  See the
    GNU General Public License for more details.

    You should have received a copy of the GNU General Public License
    along with FFTPatcher.  If not, see <http://www.gnu.org/licenses/>.
-->
<Statuses>
  <Status offset="0" name=""/>
  <Status offset="1" name="Crystal"/>
  <Status offset="2" name="Dead"/>
  <Status offset="3" name="Undead"/>
  <Status offset="4" name="Charging"/>
  <Status offset="5" name="Jump"/>
  <Status offset="6" name="Defending"/>
  <Status offset="7" name="Performing"/>

  <Status offset="8" name="Petrify"/>
  <Status offset="9" name="Invite"/>
  <Status offset="10" name="Darkness"/>
  <Status offset="11" name="Confusion"/>
  <Status offset="12" name="Silence"/>
  <Status offset="13" name="Blood Suck"/>
  <Status offset="14" name="Dark/Evil Looking"/>
  <Status offset="15" name="Treasure"/>

  <Status offset="16" name="Oil"/>
  <Status offset="17" name="Float"/>
  <Status offset="18" name="Reraise"/>
  <Status offset="19" name="Transparent"/>
  <Status offset="20" name="Berserk"/>
  <Status offset="21" name="Chicken"/>
  <Status offset="22" name="Frog"/>
  <Status offset="23" name="Critical"/>

  <Status offset="24" name="Poison"/>
  <Status offset="25" name="Regen"/>
  <Status offset="26" name="Protect"/>
  <Status offset="27" name="Shell"/>
  <Status offset="28" name="Haste"/>
  <Status offset="29" name="Slow"/>
  <Status offset="30" name="Stop"/>
  <Status offset="31" name="Wall"/>

  <Status offset="32" name="Faith"/>
  <Status offset="33" name="Innocent"/>
  <Status offset="34" name="Charm"/>
  <Status offset="35" name="Sleep"/>
  <Status offset="36" name="Don't Move"/>
  <Status offset="37" name="Don't Act"/>
  <Status offset="38" name="Reflect"/>
  <Status offset="39" name="Death Sentence"/>
</Statuses>