﻿<?xml version="1.0" encoding="utf-8" ?>
<Names>
  <n id="0"/>
  <n id="1">Ramza</n>
  <n id="2">Ramza</n>
  <n id="3">Ramza</n>
  <n id="4">Delita</n>
  <n id="5">Delita</n>
  <n id="6">Delita</n>
  <n id="7">Algus</n>
  <n id="8">Zalbag</n>
  <n id="9">Dycedarg</n>
  <n id="10">Larg</n>
  <n id="11">Goltana</n>
  <n id="12">Ovelia</n>
  <n id="13">Orlandu</n>
  <n id="14">Funeral</n>
  <n id="15">Reis</n>
  <n id="16">Zalmo</n>
  <n id="17">Gafgarion</n>
  <n id="18">Malak</n>
  <n id="19">Simon</n>
  <n id="20">Alma</n>
  <n id="21">Olan</n>
  <n id="22">Mustadio</n>
  <n id="23">Gafgarion</n>
  <n id="24">Draclau</n>
  <n id="25">Rafa</n>
  <n id="26">Malak</n>
  <n id="27">Elmdor</n>
  <n id="28">Teta</n>
  <n id="29">Barinten</n>
  <n id="30">Agrias</n>
  <n id="31">Beowulf</n>
  <n id="32">Wiegraf</n>
  <n id="33">Balmafula</n>
  <n id="34">Mustadio</n>
  <n id="35">Rudvich</n>
  <n id="36">Vormav</n>
  <n id="37">Rofel</n>
  <n id="38">Izlude</n>
  <n id="39">Kletian</n>
  <n id="40">Wiegraf</n>
  <n id="41">Rafa</n>
  <n id="42">Meliadoul</n>
  <n id="43">Balk</n>
  <n id="44">Alma</n>
  <n id="45">Celia</n>
  <n id="46">Lede</n>
  <n id="47">Meliadoul</n>
  <n id="48">Alma</n>
  <n id="49">Ajora</n>
  <n id="50">Cloud</n>
  <n id="51">Zalbag</n>
  <n id="52">Agrias</n>
  <n id="53"/>
  <n id="54"/>
  <n id="55"/>
  <n id="56"/>
  <n id="57"/>
  <n id="58"/>
  <n id="59"/>
  <n id="60">Velius</n>
  <n id="61"/>
  <n id="62">Zalera</n>
  <n id="63"/>
  <n id="64">Hashmalum</n>
  <n id="65">Altima</n>
  <n id="66"/>
  <n id="67">Queklain</n>
  <n id="68">Rofokare</n>
  <n id="69">Adramelk</n>
  <n id="70"/>
  <n id="71"/>
  <n id="72">Reis</n>
  <n id="73">Altima</n>
  <n id="74">Gustav</n>
  <n id="75">Miluda</n>
  <n id="76">Golagros</n>
  <n id="77"/>
  <n id="78"/>
  <n id="79"/>
  <n id="80"/>
  <n id="81"/>
  <n id="82"/>
  <n id="83"/>
  <n id="84"/>
  <n id="85"/>
  <n id="86"/>
  <n id="87"/>
  <n id="88"/>
  <n id="89"/>
  <n id="90"/>
  <n id="91"/>
  <n id="92"/>
  <n id="93"/>
  <n id="94"/>
  <n id="95"/>
  <n id="96"/>
  <n id="97"/>
  <n id="98"/>
  <n id="99"/>
  <n id="100"/>
  <n id="101"/>
  <n id="102"/>
  <n id="103"/>
  <n id="104"/>
  <n id="105"/>
  <n id="106"/>
  <n id="107"/>
  <n id="108"/>
  <n id="109"/>
  <n id="110"/>
  <n id="111"/>
  <n id="112"/>
  <n id="113"/>
  <n id="114"/>
  <n id="115">Worker 7・new</n>
  <n id="116">Sinogue</n>
  <n id="117">Worker 8</n>
  <n id="118">Boco</n>
  <n id="119">Elidibs</n>
  <n id="120">Lavian</n>
  <n id="121">Alicia</n>
  <n id="122">Fukes</n>
  <n id="123">Dish</n>
  <n id="124">Viggs</n>
  <n id="125">Wezaleff</n>
  <n id="126">Lezales</n>
  <n id="127">Rad</n>
  <n id="128"/>
  <n id="129"/>
  <n id="130"/>
  <n id="131"/>
  <n id="132"/>
  <n id="133"/>
  <n id="134"/>
  <n id="135"/>
  <n id="136"/>
  <n id="137"/>
  <n id="138"/>
  <n id="139"/>
  <n id="140"/>
  <n id="141"/>
  <n id="142"/>
  <n id="143"/>
  <n id="144"/>
  <n id="145"/>
  <n id="146"/>
  <n id="147"/>
  <n id="148"/>
  <n id="149"/>
  <n id="150"/>
  <n id="151"/>
  <n id="152"/>
  <n id="153"/>
  <n id="154"/>
  <n id="155"/>
  <n id="156"/>
  <n id="157"/>
  <n id="158"/>
  <n id="159"/>
  <n id="160"/>
  <n id="161"/>
  <n id="162"/>
  <n id="163"/>
  <n id="164"/>
  <n id="165"/>
  <n id="166"/>
  <n id="167"/>
  <n id="168"/>
  <n id="169"/>
  <n id="170"/>
  <n id="171"/>
  <n id="172"/>
  <n id="173"/>
  <n id="174"/>
  <n id="175"/>
  <n id="176"/>
  <n id="177"/>
  <n id="178"/>
  <n id="179"/>
  <n id="180"/>
  <n id="181"/>
  <n id="182"/>
  <n id="183"/>
  <n id="184"/>
  <n id="185"/>
  <n id="186"/>
  <n id="187"/>
  <n id="188"/>
  <n id="189"/>
  <n id="190"/>
  <n id="191"/>
  <n id="192"/>
  <n id="193"/>
  <n id="194"/>
  <n id="195"/>
  <n id="196"/>
  <n id="197"/>
  <n id="198"/>
  <n id="199"/>
  <n id="200"/>
  <n id="201"/>
  <n id="202"/>
  <n id="203"/>
  <n id="204"/>
  <n id="205"/>
  <n id="206"/>
  <n id="207"/>
  <n id="208"/>
  <n id="209"/>
  <n id="210"/>
  <n id="211"/>
  <n id="212"/>
  <n id="213"/>
  <n id="214"/>
  <n id="215"/>
  <n id="216"/>
  <n id="217"/>
  <n id="218"/>
  <n id="219"/>
  <n id="220"/>
  <n id="221"/>
  <n id="222"/>
  <n id="223"/>
  <n id="224"/>
  <n id="225"/>
  <n id="226"/>
  <n id="227"/>
  <n id="228"/>
  <n id="229"/>
  <n id="230"/>
  <n id="231"/>
  <n id="232"/>
  <n id="233"/>
  <n id="234"/>
  <n id="235"/>
  <n id="236"/>
  <n id="237"/>
  <n id="238"/>
  <n id="239"/>
  <n id="240"/>
  <n id="241"/>
  <n id="242"/>
  <n id="243"/>
  <n id="244"/>
  <n id="245"/>
  <n id="246"/>
  <n id="247"/>
  <n id="248"/>
  <n id="249"/>
  <n id="250"/>
  <n id="251"/>
  <n id="252"/>
  <n id="253"/>
  <n id="254"/>
  <n id="255"/>
  <n id="256">Arnold</n>
  <n id="257">Ironside</n>
  <n id="258">Anton</n>
  <n id="259">Abel</n>
  <n id="260">Hampsten</n>
  <n id="261">Albert</n>
  <n id="262">Alberto</n>
  <n id="263">Anderson</n>
  <n id="264">Andy</n>
  <n id="265">Ian</n>
  <n id="266">Yeager</n>
  <n id="267">Indurain</n>
  <n id="268">Ingram</n>
  <n id="269">Indy</n>
  <n id="270">Victor</n>
  <n id="271">Willy</n>
  <n id="272">Vincent</n>
  <n id="273">Winter</n>
  <n id="274">Verner</n>
  <n id="275">Weazel</n>
  <n id="276">Walter</n>
  <n id="277">Woody</n>
  <n id="278">Abraham</n>
  <n id="279">Flansburgh</n>
  <n id="280">Eckart</n>
  <n id="281">Eddie</n>
  <n id="282">Edgar</n>
  <n id="283">Evans</n>
  <n id="284">Eliot</n>
  <n id="285">Eric</n>
  <n id="286">Orwell</n>
  <n id="287">Merlin</n>
  <n id="288">Otto</n>
  <n id="289">O'Neil</n>
  <n id="290">O'Bannon</n>
  <n id="291">Vang</n>
  <n id="292">Curtis</n>
  <n id="293">Carmine</n>
  <n id="294">Carlson</n>
  <n id="295">Geist</n>
  <n id="296">Gailar</n>
  <n id="297">Cain</n>
  <n id="298">Casim</n>
  <n id="299">Gaston</n>
  <n id="300">Matsuo</n>
  <n id="301">Akintunde</n>
  <n id="302">Kaplan</n>
  <n id="303">Garcia</n>
  <n id="304">Keith</n>
  <n id="305">Kinison</n>
  <n id="306">Gilliam</n>
  <n id="307">Noppo</n>
  <n id="308">Kimball</n>
  <n id="309">Gwynn</n>
  <n id="310">Goodman</n>
  <n id="311">Clive</n>
  <n id="312">Greg</n>
  <n id="313">Glen</n>
  <n id="314">Crawford</n>
  <n id="315">Keane</n>
  <n id="316">Kelly</n>
  <n id="317">Gelhardt</n>
  <n id="318">Rico</n>
  <n id="319">Gordon</n>
  <n id="320">Coleman</n>
  <n id="321">Collins</n>
  <n id="322">Gordon</n>
  <n id="323">Southerland</n>
  <n id="324">Soetheby</n>
  <n id="325">Zack</n>
  <n id="326">Samson</n>
  <n id="327">Sullivan</n>
  <n id="328">Sanders</n>
  <n id="329">Zeke</n>
  <n id="330">Jean</n>
  <n id="331">Shaker</n>
  <n id="332">Schenberg</n>
  <n id="333">Jared</n>
  <n id="334">Ziggy</n>
  <n id="335">Judd</n>
  <n id="336">Junk</n>
  <n id="337">Samuel</n>
  <n id="338">Clayton</n>
  <n id="339">Gerald</n>
  <n id="340">Singleton</n>
  <n id="341">Swift</n>
  <n id="342">Scott</n>
  <n id="343">Stanley</n>
  <n id="344">Stone</n>
  <n id="345">Striker</n>
  <n id="346">Spike</n>
  <n id="347">Spider</n>
  <n id="348">Spencer</n>
  <n id="349">Slader</n>
  <n id="350">Jeremy</n>
  <n id="351">Zemekis</n>
  <n id="352">Zelig</n>
  <n id="353">Tak</n>
  <n id="354">Serge</n>
  <n id="355">Selleck</n>
  <n id="356">Alexei</n>
  <n id="357">Sorvez</n>
  <n id="358">Donald</n>
  <n id="359">Daison</n>
  <n id="360">Tyler</n>
  <n id="361">Tuckert</n>
  <n id="362">Tatoolo</n>
  <n id="363">Daniel</n>
  <n id="364">David</n>
  <n id="365">Dallas</n>
  <n id="366">Chester</n>
  <n id="367">Chamberlain</n>
  <n id="368">Chips</n>
  <n id="369">Fernando</n>
  <n id="370">Diaz</n>
  <n id="371">Deacon</n>
  <n id="372">Dick</n>
  <n id="373">Dietrich</n>
  <n id="374">Davis</n>
  <n id="375">David</n>
  <n id="376">Deverca</n>
  <n id="377">Tim</n>
  <n id="378">Taylor</n>
  <n id="379">Dillon</n>
  <n id="380">Ted</n>
  <n id="381">Dennis</n>
  <n id="382">David</n>
  <n id="383">Jorge</n>
  <n id="384">Tensberger</n>
  <n id="385">Dawson</n>
  <n id="386">Dorma</n>
  <n id="387">Dog</n>
  <n id="388">Donovan</n>
  <n id="389">Drake</n>
  <n id="390">Draper</n>
  <n id="391">Dreyfuss</n>
  <n id="392">Thompson</n>
  <n id="393">Nigel</n>
  <n id="394">Nash</n>
  <n id="395">Navarro</n>
  <n id="396">Neal</n>
  <n id="397">Nielson</n>
  <n id="398">Nichol</n>
  <n id="399">Neilson</n>
  <n id="400">Nathan</n>
  <n id="401">Nelson</n>
  <n id="402">Noah</n>
  <n id="403">Norton</n>
  <n id="404">Knox</n>
  <n id="405">Norris</n>
  <n id="406">Parker</n>
  <n id="407">Berkeley</n>
  <n id="408">Kenji</n>
  <n id="409">Barton</n>
  <n id="410">Bernard</n>
  <n id="411">Barney</n>
  <n id="412">J.I.</n>
  <n id="413">Heinline</n>
  <n id="414">Bugsy</n>
  <n id="415">Baskirk</n>
  <n id="416">Buster</n>
  <n id="417">Badum</n>
  <n id="418">Pado</n>
  <n id="419">Hamilton</n>
  <n id="420">Harry</n>
  <n id="421">Tymothi</n>
  <n id="422">Valentine</n>
  <n id="423">Harold</n>
  <n id="424">Hannibal</n>
  <n id="425">Humphrey</n>
  <n id="426">Bean</n>
  <n id="427">Hicks</n>
  <n id="428">Pete</n>
  <n id="429">Hugo</n>
  <n id="430">Vincent</n>
  <n id="431">Fisher</n>
  <n id="432">Philo</n>
  <n id="433">Fink</n>
  <n id="434">Feldman</n>
  <n id="435">Fordham</n>
  <n id="436">Fox</n>
  <n id="437">Forward</n>
  <n id="438">Brian</n>
  <n id="439">Blake</n>
  <n id="440">Blackbarn</n>
  <n id="441">Sean</n>
  <n id="442">Brandol</n>
  <n id="443">Brett</n>
  <n id="444">Bruce</n>
  <n id="445">Bruno</n>
  <n id="446">Chang</n>
  <n id="447">Freddie</n>
  <n id="448">Fred</n>
  <n id="449">Baker</n>
  <n id="450">Vector</n>
  <n id="451">Beck</n>
  <n id="452">Benedict</n>
  <n id="453">Voltaire</n>
  <n id="454">Velger</n>
  <n id="455">Bernar</n>
  <n id="456">Hendricksen</n>
  <n id="457">Boyce</n>
  <n id="458">Hoisler</n>
  <n id="459">Whitman</n>
  <n id="460">Boyle</n>
  <n id="461">Boville</n>
  <n id="462">Hogan</n>
  <n id="463">Ponapalt</n>
  <n id="464">Marty</n>
  <n id="465">Maverick</n>
  <n id="466">Marlow</n>
  <n id="467">McGyle</n>
  <n id="468">McNeal</n>
  <n id="469">McNorton</n>
  <n id="470">McPherson</n>
  <n id="471">McCloud</n>
  <n id="472">Malcolm</n>
  <n id="473">Mancel</n>
  <n id="474">Mueller</n>
  <n id="475">Musashi</n>
  <n id="476">Mayfield</n>
  <n id="477">Morris</n>
  <n id="478">Morrison</n>
  <n id="479">Masahiro</n>
  <n id="480">Montana</n>
  <n id="481">Hugo</n>
  <n id="482">Lars</n>
  <n id="483">Linus</n>
  <n id="484">Rienhart</n>
  <n id="485">Ravel</n>
  <n id="486">Rush</n>
  <n id="487">Rat</n>
  <n id="488">Santos</n>
  <n id="489">Radcliff</n>
  <n id="490">Ralph</n>
  <n id="491">Randy</n>
  <n id="492">Randolf</n>
  <n id="493">Rampart</n>
  <n id="494">Pierre</n>
  <n id="495">Reeves</n>
  <n id="496">Cedric</n>
  <n id="497">Little Jon</n>
  <n id="498">Rivaldi</n>
  <n id="499">Luke</n>
  <n id="500">Leopold</n>
  <n id="501">Leon</n>
  <n id="502">Redford</n>
  <n id="503">Leonard</n>
  <n id="504">Lloyd</n>
  <n id="505">Lowell</n>
  <n id="506">Roland</n>
  <n id="507">Loggins</n>
  <n id="508">Robbins</n>
  <n id="509">Roberto</n>
  <n id="510">Wyatt</n>
  <n id="511">Wineberg</n>
  <n id="512">Vashkoda</n>
  <n id="513">Ivory</n>
  <n id="514">Aimee</n>
  <n id="515">Ilean</n>
  <n id="516">Aqua</n>
  <n id="517">Aquarius</n>
  <n id="518">Agnes</n>
  <n id="519">Aska</n>
  <n id="520">Anita</n>
  <n id="521">Annette</n>
  <n id="522">Amanda</n>
  <n id="523">Ariel</n>
  <n id="524">Alyssa</n>
  <n id="525">Alice</n>
  <n id="526">Venus</n>
  <n id="527">Angelica</n>
  <n id="528">Anna</n>
  <n id="529">Izabella</n>
  <n id="530">Eve</n>
  <n id="531">Eliza</n>
  <n id="532">Ilia</n>
  <n id="533">Vanessa</n>
  <n id="534">Valerie</n>
  <n id="535">Vera</n>
  <n id="536">Veronica</n>
  <n id="537">Wendy</n>
  <n id="538">Amy</n>
  <n id="539">Eva</n>
  <n id="540">Esmeralda</n>
  <n id="541">Kyomi</n>
  <n id="542">Emily</n>
  <n id="543">Emerald</n>
  <n id="544">Eri</n>
  <n id="545">Elizabeth</n>
  <n id="546">Ellis</n>
  <n id="547">Elza</n>
  <n id="548">Eltiana</n>
  <n id="549">Eleana</n>
  <n id="550">Ellen</n>
  <n id="551">Audrey</n>
  <n id="552">Aurora</n>
  <n id="553">Opal</n>
  <n id="554">Ophelia</n>
  <n id="555">Olive</n>
  <n id="556">Orange</n>
  <n id="557">Casia</n>
  <n id="558">Garnett</n>
  <n id="559">Katarin</n>
  <n id="560">Carmen</n>
  <n id="561">Karen</n>
  <n id="562">Kitty</n>
  <n id="563">Katherine</n>
  <n id="564">Cary</n>
  <n id="565">Caroline</n>
  <n id="566">Carol</n>
  <n id="567">Candy</n>
  <n id="568">Adria</n>
  <n id="569">Quinn</n>
  <n id="570">Cookie</n>
  <n id="571">Claudia</n>
  <n id="572">Clara</n>
  <n id="573">Claris</n>
  <n id="574">Chris</n>
  <n id="575">Christie</n>
  <n id="576">Grace</n>
  <n id="577">Glenda</n>
  <n id="578">Claudia</n>
  <n id="579">Gloria</n>
  <n id="580">Kay</n>
  <n id="581">Casie</n>
  <n id="582">Kate</n>
  <n id="583">Cornelia</n>
  <n id="584">Koko</n>
  <n id="585">Cosmos</n>
  <n id="586">Connie</n>
  <n id="587">Comet</n>
  <n id="588">Corey</n>
  <n id="589">Constance</n>
  <n id="590">Sasha</n>
  <n id="591">Sara</n>
  <n id="592">Saki</n>
  <n id="593">Sabatieni</n>
  <n id="594">Sapphire</n>
  <n id="595">Sabrina</n>
  <n id="596">Samantha</n>
  <n id="597">Sissie</n>
  <n id="598">Sally</n>
  <n id="599">Salome</n>
  <n id="600">Sandy</n>
  <n id="601">Sandra</n>
  <n id="602">Sage</n>
  <n id="603">Gena</n>
  <n id="604">Sheema</n>
  <n id="605">Sachiko</n>
  <n id="606">Sheila</n>
  <n id="607">Shields</n>
  <n id="608">Jane</n>
  <n id="609">Jessica</n>
  <n id="610">Jenny</n>
  <n id="611">Jenique</n>
  <n id="612">Jennifer</n>
  <n id="613">Kyoko</n>
  <n id="614">Sheryl</n>
  <n id="615">Jennie</n>
  <n id="616">Sevon</n>
  <n id="617">Simone</n>
  <n id="618">Simonne</n>
  <n id="619">Sade</n>
  <n id="620">Shari</n>
  <n id="621">Jasmine</n>
  <n id="622">Jacky</n>
  <n id="623">Shadi</n>
  <n id="624">Janet</n>
  <n id="625">Chanel</n>
  <n id="626">Charmaine</n>
  <n id="627">Charene</n>
  <n id="628">Sharon</n>
  <n id="629">Jeanne</n>
  <n id="630">June</n>
  <n id="631">Judy</n>
  <n id="632">Julia</n>
  <n id="633">Juliette</n>
  <n id="634">Joanne</n>
  <n id="635">Joanna</n>
  <n id="636">Shawn</n>
  <n id="637">Josephine</n>
  <n id="638">Jody</n>
  <n id="639">Jobeth</n>
  <n id="640">Jolene</n>
  <n id="641">Jill</n>
  <n id="642">Sylvia</n>
  <n id="643">Silky</n>
  <n id="644">Silphy</n>
  <n id="645">Cynthia</n>
  <n id="646">Ginger</n>
  <n id="647">Cindy</n>
  <n id="648">Cinderella</n>
  <n id="649">Susan</n>
  <n id="650">Susie</n>
  <n id="651">Scarlet</n>
  <n id="652">Suzanne</n>
  <n id="653">Stephanie</n>
  <n id="654">Stella</n>
  <n id="655">Strawberry</n>
  <n id="656">Swan</n>
  <n id="657">Sara</n>
  <n id="658">Seth</n>
  <n id="659">Selena</n>
  <n id="660">Ivana</n>
  <n id="661">Celine</n>
  <n id="662">Celfina</n>
  <n id="663">Celesh</n>
  <n id="664">Zora</n>
  <n id="665">Sophia</n>
  <n id="666">Diana</n>
  <n id="667">Tabatha</n>
  <n id="668">Cherry</n>
  <n id="669">Tia</n>
  <n id="670">Diana</n>
  <n id="671">Tiara</n>
  <n id="672">Tara</n>
  <n id="673">Dionne</n>
  <n id="674">Tess</n>
  <n id="675">Daisy</n>
  <n id="676">Meera</n>
  <n id="677">Tina</n>
  <n id="678">Tirala</n>
  <n id="679">Tess</n>
  <n id="680">Debra</n>
  <n id="681">Demi</n>
  <n id="682">Theresa</n>
  <n id="683">Donna</n>
  <n id="684">Dominique</n>
  <n id="685">Doris</n>
  <n id="686">Tracy</n>
  <n id="687">Doreth</n>
  <n id="688">Dorone</n>
  <n id="689">Dorothy</n>
  <n id="690">Nastasia</n>
  <n id="691">Natalie</n>
  <n id="692">Nancy</n>
  <n id="693">Nena</n>
  <n id="694">Nikita</n>
  <n id="695">Sylia</n>
  <n id="696">Nena</n>
  <n id="697">Nora</n>
  <n id="698">Partha</n>
  <n id="699">Barsia</n>
  <n id="700">Pawnia</n>
  <n id="701">Barnet</n>
  <n id="702">Barbara</n>
  <n id="703">Violet</n>
  <n id="704">Patsy</n>
  <n id="705">Patricia</n>
  <n id="706">Vanilla</n>
  <n id="707">Papaya</n>
  <n id="708">Pamela</n>
  <n id="709">Hannah</n>
  <n id="710">Victoria</n>
  <n id="711">Vicky</n>
  <n id="712">Beauty</n>
  <n id="713">Hilda</n>
  <n id="714">Fianna</n>
  <n id="715">Fay</n>
  <n id="716">Frannie</n>
  <n id="717">Francis</n>
  <n id="718">Freesia</n>
  <n id="719">Bridgette</n>
  <n id="720">Mildred</n>
  <n id="721">Fawn</n>
  <n id="722">Beatrice</n>
  <n id="723">Penelope</n>
  <n id="724">Peppermint</n>
  <n id="725">Peline</n>
  <n id="726">Belinda</n>
  <n id="727">Helen</n>
  <n id="728">Veronica</n>
  <n id="729">Paula</n>
  <n id="730">Holly</n>
  <n id="731">Margaret</n>
  <n id="732">Margo</n>
  <n id="733">Matilda</n>
  <n id="734">Madeline</n>
  <n id="735">Maria</n>
  <n id="736">Mary Ann</n>
  <n id="737">Marilyn</n>
  <n id="738">Margarita</n>
  <n id="739">Marlene</n>
  <n id="740">Melissa</n>
  <n id="741">Mandy</n>
  <n id="742">Michelle</n>
  <n id="743">Misty</n>
  <n id="744">Minerva</n>
  <n id="745">Miranda</n>
  <n id="746">Miria</n>
  <n id="747">Mireiyu</n>
  <n id="748">Mary</n>
  <n id="749">May</n>
  <n id="750">Melanie</n>
  <n id="751">Mo</n>
  <n id="752">Monica</n>
  <n id="753">Liza</n>
  <n id="754">Ramia</n>
  <n id="755">Ramuda</n>
  <n id="756">Lisa</n>
  <n id="757">Yumiko</n>
  <n id="758">Ripley</n>
  <n id="759">Linda</n>
  <n id="760">Lucy</n>
  <n id="761">Luna</n>
  <n id="762">Rachel</n>
  <n id="763">Reda</n>
  <n id="764">Rebecca</n>
  <n id="765">Rosa</n>
  <n id="766">Laura</n>
  <n id="767">Rose</n>
</Names>
