﻿<?xml version="1.0" encoding="utf-8" ?>
<!--
    Copyright 2007, Joe Davidson <joedavidson@gmail.com>

    This file is part of FFTPatcher.

    FFTPatcher is free software: you can redistribute it and/or modify
    it under the terms of the GNU General Public License as published by
    the Free Software Foundation, either version 3 of the License, or
    (at your option) any later version.

    FFTPatcher is distributed in the hope that it will be useful,
    but WITHOUT ANY WARRANTY; without even the implied warranty of
    MERCHANTABILITY or FITNESS FOR A PARTICULAR PURPOSE.  See the
    GNU General Public License for more details.

    You should have received a copy of the GNU General Public License
    along with FFTPatcher.  If not, see <http://www.gnu.org/licenses/>.
-->
<Effects>
  <!-- This list is used by the Abilities page -->
  <Effect value="000" name="Crashes Game"/>
  <Effect value="001" name="Cure"/>
  <Effect value="002" name="Cura"/>
  <Effect value="003" name="Curaga"/>
  <Effect value="004" name="Curaja"/>
  <Effect value="005" name="Raise"/>
  <Effect value="006" name="Arise"/>
  <Effect value="007" name="Reraise"/>
  <Effect value="008" name="Regen/Regenerate"/>
  <Effect value="009" name="Protect"/>
  <Effect value="00A" name="Protectja"/>
  <Effect value="00B" name="Shell"/>
  <Effect value="00C" name="Shellja"/>
  <Effect value="00D" name="Wall"/>
  <Effect value="00E" name="Esuna"/>
  <Effect value="00F" name="Holy"/>
  <Effect value="010" name="Fire"/>
  <Effect value="011" name="Fira"/>
  <Effect value="012" name="Firaga"/>
  <Effect value="013" name="Firaja"/>
  <Effect value="014" name="Thunder"/>
  <Effect value="015" name="Thundara"/>
  <Effect value="016" name="Thundaga"/>
  <Effect value="017" name="Thundaja"/>
  <Effect value="018" name="Blizzard"/>
  <Effect value="019" name="Blizzara"/>
  <Effect value="01A" name="Blizzaga"/>
  <Effect value="01B" name="Blizzaja"/>
  <Effect value="01C" name="Poison"/>
  <Effect value="01D" name="Toad"/>
  <Effect value="01E" name="Death"/>
  <Effect value="01F" name="Flare"/>
  <Effect value="020" name="Haste"/>
  <Effect value="021" name="Hasteja"/>
  <Effect value="022" name="Slow"/>
  <Effect value="023" name="Slowja"/>
  <Effect value="024" name="Stop"/>


  <Effect value="027" name="Immobilize"/>
  <Effect value="028" name="Float"/>
  <Effect value="029" name="Reflect"/>

  <Effect value="02B" name="Summon Demon"/>
  <Effect value="02C" name="Quick/Critical Quick"/>
  <Effect value="02D" name="Gravity"/>
  <Effect value="02E" name="Graviga"/>
  <Effect value="02F" name="Meteor"/>

  <Effect value="031" name="Blind"/>
  <Effect value="032" name="Syphon"/>
  <Effect value="033" name="Drain"/>
  <Effect value="034" name="Faith/Faith Boost"/>
  <Effect value="035" name="Doubt"/>
  <Effect value="036" name="Zombie"/>
  <Effect value="037" name="Silence"/>
  <Effect value="038" name="Berserk/Bravery Boost"/>
  <Effect value="039" name="Chicken"/>
  <Effect value="03A" name="Confuse"/>
  <Effect value="03B" name="Dispel"/>
  <Effect value="03C" name="Disable"/>
  <Effect value="03D" name="Sleep"/>
  <Effect value="03E" name="Break"/>
  <Effect value="03F" name="Moogle"/>

  <Effect value="041" name="Shiva"/>
  <Effect value="042" name="Ramuh"/>
  <Effect value="043" name="Ifrit"/>
  <Effect value="044" name="Titan"/>
  <Effect value="045" name="Golem"/>
  <Effect value="046" name="Carbunkle"/>
  <Effect value="047" name="Bahamut"/>
  <Effect value="048" name="Odin"/>
  <Effect value="049" name="Leviathan"/>
  <Effect value="04A" name="Salamander"/>

  <Effect value="04C" name="Sylph"/>
  <Effect value="04D" name="Faerie"/>
  <Effect value="04E" name="Lich"/>
  <Effect value="04F" name="Cyclops"/>
  <Effect value="050" name="Zodiark"/>
  <Effect value="051" name="Seraph Song"/>
  <Effect value="052" name="Life's Anthem"/>
  <Effect value="053" name="Rousing Melody"/>
  <Effect value="054" name="Battle Chant"/>
  <Effect value="055" name="Magickal Refrain"/>
  <Effect value="056" name="Nameless Song"/>
  <Effect value="057" name="Finale"/>
  <Effect value="058" name="Witch Hunt"/>
  <Effect value="059" name="Mincing Minuet"/>
  <Effect value="05A" name="Slow Dance"/>
  <Effect value="05B" name="Polka"/>
  <Effect value="05C" name="Heathen Frolic"/>
  <Effect value="05D" name="Forbidden Dance"/>
  <Effect value="05E" name="Last Waltz"/>
  <Effect value="05F" name="Cyclone"/>
  <Effect value="060" name="Pummel"/>
  <Effect value="061" name="Aurablast"/>
  <Effect value="062" name="Shockwave"/>
  <Effect value="063" name="Doom Fist"/>
  <Effect value="064" name="Purification"/>
  <Effect value="065" name="Chakra"/>
  <Effect value="066" name="Revive"/>
  <Effect value="067" name="Steal Gil/Gil Snapper/Plunder Gil"/>
  <Effect value="068" name="Steal Heart/Plunder Heart"/>
  <Effect value="069" name="Steal Helm/Plunder Helm"/>
  <Effect value="06A" name="Steal Armor/Plunder Armor"/>
  <Effect value="06B" name="Steal Shield/Plunder Shield"/>
  <Effect value="06C" name="Steal Weapon/Plunder Weapon"/>
  <Effect value="06D" name="Steal Accessory/Plunder Accessory"/>
  <Effect value="06E" name="Steal EXP/Plunder EXP"/>
  <Effect value="06F" name="Entice"/>
  <Effect value="070" name="Stall"/>
  <Effect value="071" name="Praise"/>
  <Effect value="072" name="Intimidate"/>
  <Effect value="073" name="Preach"/>
  <Effect value="074" name="Enlighten"/>
  <Effect value="075" name="Condemn"/>
  <Effect value="076" name="Beg"/>
  <Effect value="077" name="Insult"/>
  <Effect value="078" name="Mimic Darlavon"/>
  <Effect value="079" name="Sinkhole"/>
  <Effect value="07A" name="Torrent"/>
  <Effect value="07B" name="Tanglevine"/>
  <Effect value="07C" name="Contortion"/>
  <Effect value="07D" name="Tremor"/>
  <Effect value="07E" name="Wind Slash"/>
  <Effect value="07F" name="Will-o'-the-Wisp"/>
  <Effect value="080" name="Quicksand"/>
  <Effect value="081" name="Sandstorm"/>
  <Effect value="082" name="Snowstorm"/>
  <Effect value="083" name="Wind Blast"/>
  <Effect value="084" name="Magma Surge"/>
  <Effect value="085" name="Ashura"/>
  <Effect value="086" name="Kotetsu"/>
  <Effect value="087" name="Osafune"/>
  <Effect value="088" name="Murasame"/>
  <Effect value="089" name="Ama-no-Murakamo"/>
  <Effect value="08A" name="Kiyomuri"/>
  <Effect value="08B" name="Muramasa"/>
  <Effect value="08C" name="Kiku-ichimonji"/>
  <Effect value="08D" name="Masamune"/>
  <Effect value="08E" name="Chirijiraden"/>











  <Effect value="09A" name="Rush/Wing Buffet"/>

  <Effect value="09C" name="Salve"/>
  <Effect value="09D" name="Tailwind"/>
  <Effect value="09E" name="Steel"/>
  <Effect value="09F" name="Shout"/>
  <Effect value="0A0" name="Ultima (lvl1)"/>
  <Effect value="0A1" name="Chant"/>

  <Effect value="0A3" name="Judgment Blade"/>
  <Effect value="0A4" name="Cleansing Strike"/>
  <Effect value="0A5" name="Northswain's Strike"/>
  <Effect value="0A6" name="Hallowed Bolt"/>
  <Effect value="0A7" name="Divine Ruination"/>
  <Effect value="0A8" name="Crush Armor"/>
  <Effect value="0A9" name="Crush Helm"/>
  <Effect value="0AA" name="Crush Weapon"/>
  <Effect value="0AB" name="Crush Accessory"/>
  <Effect value="0AC" name="Duskblade"/>
  <Effect value="0AD" name="Shadowblade"/>
  <Effect value="0AE" name="Unholy Darkness"/>
  <Effect value="0AF" name="Dispelna"/>
  <Effect value="0B0" name="Celestial Stasis"/>
  <Effect value="0B1" name="Heaven's Wrath"/>
  <Effect value="0B2" name="Ashura"/>
  <Effect value="0B3" name="Adamantine Sword"/>
  <Effect value="0B4" name="Maelstrom"/>
  <Effect value="0B5" name="Celestial Void"/>
  <Effect value="0B6" name="Divinity"/>
  <Effect value="0B7" name="Hell's Wrath"/>
  <Effect value="0B8" name="Nether Ashura"/>
  <Effect value="0B9" name="Nether Blade"/>
  <Effect value="0BA" name="Nether Maelstrom"/>
  <Effect value="0BB" name="Corporeal Void"/>
  <Effect value="0BC" name="Impiety"/>
  <Effect value="0BD" name="Vanish"/>
  <Effect value="0BE" name="Shadowbind"/>
  <Effect value="0BF" name="Suffocate"/>
  <Effect value="0C0" name="Summon Angel"/>
  <Effect value="0C1" name="Vengeance (Byblos)"/>
  <Effect value="0C2" name="Manaburn"/>
  <Effect value="0C3" name="Petrify"/>
  <Effect value="0C4" name="Fowlheart"/>
  <Effect value="0C5" name="Embrace"/>
  <Effect value="0C6" name="Darkness"/>
  <Effect value="0C7" name="Aphony"/>
  <Effect value="0C8" name="Befuddle"/>
  <Effect value="0C9" name="Bind"/>
  <Effect value="0CA" name="Nightmare"/>
  <Effect value="0CB" name="Ague"/>
  <Effect value="0CC" name="Magicksap"/>
  <Effect value="0CD" name="Speedsap"/>
  <Effect value="0CE" name="Powersap"/>

  <Effect value="0D0" name="Mindsap"/>

  <Effect value="0D2" name="Vampire"/>
  <Effect value="0D3" name="Charm"/>
  <Effect value="0D4" name="Bio"/>
  <Effect value="0D5" name="Bio"/>
  <Effect value="0D6" name="Bio"/>
  <Effect value="0D7" name="Biora"/>
  <Effect value="0D8" name="Biora"/>
  <Effect value="0D9" name="Biora"/>
  <Effect value="0DA" name="Biora"/>
  <Effect value="0DB" name="Bioga"/>
  <Effect value="0DC" name="Bioga"/>
  <Effect value="0DD" name="Bioga"/>
  <Effect value="0DE" name="Aegis"/>


  <Effect value="0E1" name="Very Quick Bloody Strike"/>
  <Effect value="0E2" name="Very Quick Strike"/>

  <Effect value="0E4" name="Meltdown"/>
  <Effect value="0E5" name="Tornado"/>
  <Effect value="0E6" name="Quake"/>
  <Effect value="0E7" name="Teleport 3: Send"/>
  <Effect value="0E8" name="Teleport 3: Arrive"/>
  <Effect value="0E9" name="Toadja"/>
  <Effect value="0EA" name="Gravija"/>
  <Effect value="0EB" name="Flareja"/>
  <Effect value="0EC" name="Blindja"/>
  <Effect value="0ED" name="Bomblet (blue)"/>
  <Effect value="0EE" name="Bomblet (black)"/>
  <Effect value="0EF" name="Confuseja"/>
  <Effect value="0F0" name="Sleepja"/>
  <Effect value="0F1" name="Ultima (lvl2)"/>
  <Effect value="0F2" name="Divine Ultima"/>
  <Effect value="0F3" name="Disempower"/>
  <Effect value="0F4" name="Dispelja"/>
  <Effect value="0F5" name="Return"/>
  <Effect value="0F6" name="Vengeance (M. Sword)"/>
  <Effect value="0F7" name="Brave Slash"/>
  <Effect value="0F8" name="Blade Beam"/>
  <Effect value="0F9" name="Cross Slash"/>





  <Effect value="0FF" name="Climhazzard"/>
  <Effect value="100" name="Meteorain"/>
  <Effect value="101" name="Finishing Touch"/>
  <Effect value="102" name="Cherry Blossom"/>
  <Effect value="103" name="Omnislash"/>
  <Effect value="104" name="Potion/Auto-Potion/Cup of Life"/>
  <Effect value="105" name="Antidote"/>
  <Effect value="106" name="Eye Drops"/>
  <Effect value="107" name="Hi-Potion/Critical: Recover HP"/>
  <Effect value="108" name="Remedy"/>
  <Effect value="109" name="Echo Herbs"/>
  <Effect value="10A" name="X-Potion"/>
  <Effect value="10B" name="Gold Needle"/>
  <Effect value="10C" name="Phoenix Down"/>
  <Effect value="10D" name="Ether/Absorb MP"/>
  <Effect value="10E" name="Holy Water"/>
  <Effect value="10F" name="Maiden's Kiss"/>
  <Effect value="110" name="Hi-Ether/Critical: Recover MP"/>
  <Effect value="111" name="Elixir/Dragonheart"/>














  <Effect value="120" name="Blind"/>
  <Effect value="121" name="Empowerment"/>
  <Effect value="122" name="Invigoration"/>
  <Effect value="123" name="Belief"/>
  <Effect value="124" name="Disbelief"/>
  <Effect value="125" name="Corruption"/>
  <Effect value="126" name="Quiescence"/>
  <Effect value="127" name="Fervor"/>










  <Effect value="132" name="White Talk skill"/>
  <Effect value="133" name="Ice Breath"/>
  <Effect value="134" name="Fire Breath"/>
  <Effect value="135" name="Thunder Breath"/>
  <Effect value="136" name="Dragon's Charm"/>
  <Effect value="137" name="Dragon's Gift"/>
  <Effect value="138" name="Dragon's Might"/>
  <Effect value="139" name="Dragon's Speed"/>
  <Effect value="13A" name="Holy Breath"/>

  <Effect value="13C" name="Choco Beak"/>
  <Effect value="13D" name="Choco Pellets"/>
  <Effect value="13E" name="Choco Meteor"/>
  <Effect value="13F" name="Choco Esuna"/>

  <Effect value="141" name="Tackle"/>
  <Effect value="142" name="Goblin Punch"/>
  <Effect value="143" name="Spin Punch"/>
  <Effect value="144" name="Eye Gouge"/>
  <Effect value="145" name="Bloodfeast"/>
  <Effect value="146" name="Bite"/>
  <Effect value="147" name="Bomblet (red)"/>
  <Effect value="148" name="Self-Destruct"/>
  <Effect value="149" name="Flame Attack"/>
  <Effect value="14A" name="Spark"/>
  <Effect value="14B" name="Claw"/>
  <Effect value="14C" name="Cat Scratch"/>
  <Effect value="14D" name="Blaster"/>
  <Effect value="14E" name="Venom Fang"/>
  <Effect value="14F" name="Vampire"/>
  <Effect value="150" name="Tentacles"/>
  <Effect value="151" name="Ink"/>
  <Effect value="152" name="Dischord"/>
  <Effect value="153" name="Mind Blast"/>
  <Effect value="154" name="Level Drain"/>
  <Effect value="155" name="Chop/Soulbind"/>
  <Effect value="156" name="Thunder Anima"/>
  <Effect value="157" name="Water Anima"/>
  <Effect value="158" name="Ice Anima"/>
  <Effect value="159" name="Wind Anima"/>
  <Effect value="15A" name="Ectoplasm"/>
  <Effect value="15B" name="Zombie Touch"/>
  <Effect value="15C" name="Sleep Touch"/>
  <Effect value="15D" name="Drain Touch"/>
  <Effect value="15E" name="Oily Touch"/>
  <Effect value="15F" name="Wing Buffet"/>
  <Effect value="160" name="Bewitching Gaze"/>
  <Effect value="161" name="Dread Gaze"/>
  <Effect value="162" name="Beam"/>
  <Effect value="163" name="Doom"/>
  <Effect value="164" name="Talon Dive"/>
  <Effect value="165" name="Beak"/>
  <Effect value="166" name="Glitterlust"/>
  <Effect value="167" name="Featherbomb"/>
  <Effect value="168" name="Peck"/>
  <Effect value="169" name="Reckless Charge"/>
  <Effect value="16A" name="Snort"/>
  <Effect value="16B" name="Squeal"/>
  <Effect value="16C" name="Toot"/>
  <Effect value="16D" name="Bequeath Bacon"/>
  <Effect value="16E" name="Leaf Rain"/>
  <Effect value="16F" name="Guardian Nymph"/>
  <Effect value="170" name="Shell Nymph"/>
  <Effect value="171" name="Life Nymph"/>
  <Effect value="172" name="Magick Nymph"/>
  <Effect value="173" name="Pickaze"/>
  <Effect value="174" name="Feral Spin"/>
  <Effect value="175" name="Earthsplitter"/>
  <Effect value="176" name="Beef Up/Vigilance"/>
  <Effect value="177" name="Breathe Fire"/>
  <Effect value="178" name="Tentacles"/>
  <Effect value="179" name="Lick"/>
  <Effect value="17A" name="Goo"/>
  <Effect value="17B" name="Bad Breath"/>
  <Effect value="17C" name="Malboro Spores"/>
  <Effect value="17D" name="Gore"/>
  <Effect value="17E" name="Heave"/>
  <Effect value="17F" name="Twister"/>
  <Effect value="180" name="Almagest"/>
  <Effect value="181" name="Gigaflare"/>
  <Effect value="182" name="Charge"/>
  <Effect value="183" name="Tail Sweep"/>
  <Effect value="184" name="Ice Breath"/>
  <Effect value="185" name="Fire Breath"/>
  <Effect value="186" name="Thunder Breath"/>
  <Effect value="187" name="Tri-Attack"/>
  <Effect value="188" name="Tri-Breath"/>
  <Effect value="189" name="Tri-Thunder"/>
  <Effect value="18A" name="Tri-Flame"/>
  <Effect value="18B" name="Dark Whisper"/>
  <Effect value="18C" name="Trepidation"/>
  <Effect value="18D" name="Delirium"/>
  <Effect value="18E" name="Energize"/>
  <Effect value="18F" name="Parasite"/>
  <Effect value="190" name="Harmony"/>
  <Effect value="191" name="Snakecharm"/>
  <Effect value="192" name="Poisononous Frog"/>
  <Effect value="193" name="Midgardsormr"/>
  <Effect value="194" name="Hesitation"/>
  <Effect value="195" name="Repose"/>
  <Effect value="196" name="Induration"/>
  <Effect value="197" name="Kerma"/>
  <Effect value="198" name="Nanoflare"/>
  <Effect value="199" name="Grand Cross"/>
  <Effect value="19A" name="Destroy"/>
  <Effect value="19B" name="Compress"/>
  <Effect value="19C" name="Dispose"/>
  <Effect value="19D" name="Pulverize"/>




































  <Effect value="1C2" name="Dejeon: Send (Orbonne, battle vs Loffrey)"/>
  <Effect value="1C3" name="Scorpio's Revive spell (Rapha revives Marach)"/>
  <Effect value="1C4" name="Altima's Ultimate Transformation"/>
  <Effect value="1C5" name="End of the World (Altima's Death)"/>
  <Effect value="1C6" name="Banish (Mullonde's entrance)"/>
  <Effect value="1C7" name="Fire (unknown)"/>
  <Effect value="1C8" name="Flood (Besselate Sluice)"/>
  <Effect value="1C9" name="Fire Explosion (Fort Ziekden)"/>
  <Effect value="1CA" name="Strong Fire Explosion (Fort Ziekden)"/>
  <Effect value="1CB" name="Mini Explosion (Fort Ziekden)"/>
  <Effect value="1CC" name="Cancer's Restoration spell"/>
  <Effect value="1CD" name="Belias' Transformation"/>
  <Effect value="1CE" name="Zalera's Transformation"/>
  <Effect value="1CF" name="Hashmal's Transformation"/>
  <Effect value="1D0" name="Altima's Transformation"/>
  <Effect value="1D1" name="Cuchulainn's Transformation"/>
  <Effect value="1D2" name="Adrammelech's Transformation"/>
  <Effect value="1D3" name="Aries' Glow"/>
  <Effect value="1D4" name="Gemini's Glow"/>
  <Effect value="1D5" name="Leo's Glow"/>
  <Effect value="1D6" name="Virgo's Glow"/>
  <Effect value="1D7" name="Scorpio's Glow"/>
  <Effect value="1D8" name="Capricorn's Glow"/>
  <Effect value="1D9" name="Saggitarius' electricity recharge"/>
  <Effect value="1DA" name="Belias' Death"/>
  <Effect value="1DB" name="Zalera's Death"/>
  <Effect value="1DC" name="Hashmal's Death"/>
  <Effect value="1DD" name="Cuchulainn's Death/Zalbag's Death"/>
  <Effect value="1DE" name="Adrammelech's Death"/>
  <Effect value="1DF" name="Stone Glow"/>
  <Effect value="1E0" name="Dejeon: Arrive (Mullonde's entrance)"/>
  <Effect value="1E1" name="Small Electricity (Mustadio's House)"/>
  <Effect value="1E2" name="Large Electricity (Mustadio's House)"/>
  <Effect value="1E3" name="Exploding Smash (Mustadio's House; Construct 8)"/>
  <Effect value="1E4" name="Stone Glow (higher altitude)"/>
  <Effect value="1E5" name="Virgo's Holy Angel Revive"/>
  <Effect value="1E6" name="Summon Ultimate"/>






















  <Effect value="1FD" name="Crashes Game"/>
  <Effect value="1FE" name="Crashes Game"/>

</Effects>