﻿<?xml version="1.0" encoding="utf-8" ?>
<Chron>
    <Wonders>
        <Entry value="0">Shrine of Chaos</Entry>
        <Entry value="1">Eureka</Entry>
        <Entry value="2">Pandaemonium</Entry>
        <Entry value="3">Mirage Tower</Entry>
        <Entry value="4">Floating Castle</Entry>
        <Entry value="5">Matoya's Cave</Entry>
        <Entry value="6">Crystal Tower</Entry>
        <Entry value="7">Floating Continent</Entry>
        <Entry value="8">Fortress of Trials</Entry>
        <Entry value="9">Tower of Babel</Entry>
        <Entry value="10">Ronkan Ruins</Entry>
        <Entry value="11">Falgabard</Entry>
        <Entry value="12">Phantom Train</Entry>
        <Entry value="13">Tozus Village</Entry>
        <Entry value="14">Chocobo Forest</Entry>
        <Entry value="15">Semitt Falls</Entry>
    </Wonders>
    <Artefacts>
        <Entry value="0">Four-Deity Plate</Entry>
        <Entry value="1">Statuette of Lilith</Entry>
        <Entry value="2">Scarab Charm</Entry>
        <Entry value="3">Tobacco Pipe</Entry>
        <Entry value="4">Coin Blade</Entry>
        <Entry value="5">Black Cat</Entry>
        <Entry value="6">Hanya Mask</Entry>
        <Entry value="7">Parade Helm</Entry>
        <Entry value="8">Moppet Bread</Entry>
        <Entry value="9">Goliath Bread</Entry>
        <Entry value="10">Calcobrena</Entry>
        <Entry value="11">Lugae</Entry>
        <Entry value="12">Red Materia</Entry>
        <Entry value="13">Blue Materia</Entry>
        <Entry value="14">Black Materia</Entry>
        <Entry value="15">White Materia</Entry>
        <Entry value="16">Rat Tail</Entry>
        <Entry value="17">Mesa's Musings</Entry>
        <Entry value="18">Nanai's Histories</Entry>
        <Entry value="19">Veil of Wiyu</Entry>
        <Entry value="20">Enavia Chronicles</Entry>
        <Entry value="21">Enchanted Pistol</Entry>
        <Entry value="22">Enchanted Machinegun</Entry>
        <Entry value="23">Zanmato</Entry>
        <Entry value="24">Orb of Minwu</Entry>
        <Entry value="25">Tarot de Bennstat</Entry>
        <Entry value="26">Excalipoor</Entry>
        <Entry value="27">Yggdrasil Mistletoe</Entry>
        <Entry value="28">Lance of Longibunne</Entry>
        <Entry value="29">Chocobo Cannon</Entry>
        <Entry value="30">Saint Elmo's Fire</Entry>
        <Entry value="31">The Scriptures</Entry>
        <Entry value="32">Aries</Entry>
        <Entry value="33">Taurus</Entry>
        <Entry value="34">Gemini</Entry>
        <Entry value="35">Cancer</Entry>
        <Entry value="36">Leo</Entry>
        <Entry value="37">Virgo</Entry>
        <Entry value="38">Libra</Entry>
        <Entry value="39">Scorpio</Entry>
        <Entry value="40">Sagittarius</Entry>
        <Entry value="41">Capricorn</Entry>
        <Entry value="42">Aquarius</Entry>
        <Entry value="43">Pisces</Entry>
        <Entry value="44">Serpentarius</Entry>
    </Artefacts>
</Chron>       