﻿<?xml version="1.0" encoding="utf-8" ?>
<Errands>
    <entry value="0" name="The Highwind"/>
    <entry value="1" name="Salvage Expedition"/>
    <entry value="2" name="Diving Expedition"/>
    <entry value="3" name="Rhana Strait"/>
    <entry value="4" name="Dredge Work"/>
    <entry value="5" name="The Hindenburg"/>
    <entry value="6" name="The Falcon"/>
    <entry value="7" name="Mesa's Legacy"/>
    <entry value="8" name="The Durga"/>
    <entry value="9" name="Lionel Emissary"/>
    <entry value="10" name="Zaland Embassy Antiques"/>
    <entry value="11" name="Stolen Tomes"/>
    <entry value="12" name="Salvage Work"/>
    <entry value="13" name="Gleddia Isle"/>
    <entry value="14" name="Foundered Vessel"/>
    <entry value="15" name="The Dawn Queen"/>
    <entry value="16" name="Abandoned Mine"/>
    <entry value="17" name="Coal Mining Expedition"/>
    <entry value="18" name="Old Toppa's Will"/>
    <entry value="19" name="Second Coal Mining Expedition"/>
    <entry value="20" name="Miner's Dream"/>
    <entry value="21" name="Miner Shortage"/>
    <entry value="22" name="Coal Miners Wanted"/>
    <entry value="23" name="Mount Gulg Mother Lode"/>
    <entry value="24" name="Endless Caverns"/>
    <entry value="25" name="Himca Cliffs"/>
    <entry value="26" name="Ore of the Gods"/>
    <entry value="27" name="Past Glory"/>
    <entry value="28" name="More Coal Miners Wanted"/>
    <entry value="29" name="Lorraide Mine"/>
    <entry value="30" name="Miner's Tale"/>
    <entry value="31" name="Death's Gorge"/>
    <entry value="32" name="Frontier Marathon"/>
    <entry value="33" name="Lake Poescas Depths"/>
    <entry value="34" name="Second Frontier Marathon"/>
    <entry value="35" name="Ancient Wonder"/>
    <entry value="36" name="Third Frontier Marathon"/>
    <entry value="37" name="The Siedge Weald"/>
    <entry value="38" name="Beddha Sandwaste"/>
    <entry value="39" name="Lamzen the Adventurer"/>
    <entry value="40" name="Trick of the Light"/>
    <entry value="41" name="Frontier Expedition"/>
    <entry value="42" name="Fenland Mystery"/>
    <entry value="43" name="Cellar Dungeon"/>
    <entry value="44" name="Adventurers Wanted"/>
    <entry value="45" name="Shadows from the Past"/>
    <entry value="46" name="Merchant's Regret"/>
    <entry value="47" name="Rain-Swept Slopes"/>
    <entry value="48" name="Twilight Gustkov"/>
    <entry value="49" name="The Behemoth"/>
    <entry value="50" name="Bandits"/>
    <entry value="51" name="Young Lord Pappal"/>
    <entry value="52" name="In the Darkness"/>
    <entry value="53" name="The Typhoon"/>
    <entry value="54" name="Count Minimas"/>
    <entry value="55" name="Terror's Maw"/>
    <entry value="56" name="Zerro's Challenge"/>
    <entry value="57" name="Zerro Strikes"/>
    <entry value="58" name="Zerro's Return"/>
    <entry value="59" name="Zerro Strikes Again"/>
    <entry value="60" name="Zerro's Final Heist"/>
    <entry value="61" name="Hellspawned Beast"/>
    <entry value="62" name="Metamorphosed Misery"/>
    <entry value="63" name="Fia's Wish"/>
    <entry value="64" name="Missing Boy"/>
    <entry value="65" name="Father's Nightmare"/>
    <entry value="66" name="Ducal Disaster"/>
    <entry value="67" name="My Little Carrot"/>
    <entry value="68" name="Cries in the Dark"/>
    <entry value="69" name="Shoreline Defense"/>
    <entry value="70" name="Devil in the Dark"/>
    <entry value="71" name="Nightwalker"/>
    <entry value="72" name="Uninvited Guests"/>
    <entry value="73" name="Historic Revolt"/>
    <entry value="74" name="Secret Society"/>
    <entry value="75" name="Appraisal"/>
    <entry value="76" name="Lettre d'amour"/>
    <entry value="77" name="Count Minimas"/>
    <entry value="78" name="Beastly Trail"/>
    <entry value="79" name="True Romance"/>
    <entry value="80" name="Cattedona"/>
    <entry value="81" name="Arithmeticks Tutor Wanted"/>
    <entry value="82" name="Minstrel in Distress"/>
    <entry value="83" name="Count Minimas"/>
    <entry value="84" name="Clockwork Faire"/>
    <entry value="85" name="Mameco the Minstrel"/>
    <entry value="86" name="Gysahl Greens"/>
    <entry value="87" name="Wandering Gambler"/>
    <entry value="88" name="Wandering Gambler"/>
    <entry value="89" name="Guard Duty"/>
    <entry value="90" name="Memories"/>
    <entry value="91" name="Tutoring"/>
    <entry value="92" name="The Yardrow Melee"/>
    <entry value="93" name="The Zaland Melee"/>
    <entry value="94" name="The Gariland Magick Melee"/>
    <entry value="95" name="Arteficers' Contest"/>
           
</Errands>
