﻿<?xml version="1.0" encoding="utf-8" ?>
<!--
    Copyright 2007, Joe Davidson <joedavidson@gmail.com>

    This file is part of FFTPatcher.

    FFTPatcher is free software: you can redistribute it and/or modify
    it under the terms of the GNU General Public License as published by
    the Free Software Foundation, either version 3 of the License, or
    (at your option) any later version.

    FFTPatcher is distributed in the hope that it will be useful,
    but WITHOUT ANY WARRANTY; without even the implied warranty of
    MERCHANTABILITY or FITNESS FOR A PARTICULAR PURPOSE.  See the
    GNU General Public License for more details.

    You should have received a copy of the GNU General Public License
    along with FFTPatcher.  If not, see <http://www.gnu.org/licenses/>.
-->
<Events>
  <!-- This list is used by the ENTD page -->
  <Event value="001" name="Dorvauldar Marsh East 1"/>
  <Event value="002" name="Dorvauldar Marsh East 2"/>
  <Event value="003" name="Dorvauldar Marsh East 3"/>
  <Event value="004" name="Dorvauldar Marsh East 4"/>
  <Event value="005" name="Dorvauldar Marsh West 1"/>
  <Event value="006" name="Dorvauldar Marsh West 2"/>
  <Event value="007" name="Dorvauldar Marsh West 3"/>
  <Event value="008" name="Dorvauldar Marsh West 4"/>

  <Event value="00D" name="Fovoham Windflats South 1"/>
  <Event value="00E" name="Fovoham Windflats South 2"/>
  <Event value="00F" name="Fovoham Windflats South 3"/>
  <Event value="010" name="Fovoham Windflats South 4"/>
  <Event value="011" name="Fovoham Windflats West 1"/>
  <Event value="012" name="Fovoham Windflats West 2"/>
  <Event value="013" name="Fovoham Windflats West 3"/>
  <Event value="014" name="Fovoham Windflats West 4"/>
  <Event value="015" name="Fovoham Windflats East 1"/>
  <Event value="016" name="Fovoham Windflats East 2"/>
  <Event value="017" name="Fovoham Windflats East 3"/>
  <Event value="018" name="Fovoham Windflats East 4"/>
  <Event value="019" name="The Siedge Weald East 1"/>
  <Event value="01A" name="The Siedge Weald East 2"/>
  <Event value="01B" name="The Siedge Weald East 3"/>
  <Event value="01C" name="The Siedge Weald East 4"/>
  <Event value="01D" name="The Siedge Weald West 1"/>
  <Event value="01E" name="The Siedge Weald West 2"/>
  <Event value="01F" name="The Siedge Weald West 3"/>
  <Event value="020" name="The Siedge Weald West 4"/>

  <Event value="025" name="Mount Bervenia North 1"/>
  <Event value="026" name="Mount Bervenia North 2"/>
  <Event value="027" name="Mount Bervenia North 3"/>
  <Event value="028" name="Mount Bervenia North 4"/>
  <Event value="029" name="Mount Bervenia South 1"/>
  <Event value="02A" name="Mount Bervenia South 2"/>
  <Event value="02B" name="Mount Bervenia South 3"/>
  <Event value="02C" name="Mount Bervenia South 4"/>

  <Event value="031" name="Zeklaus Desert North 1"/>
  <Event value="032" name="Zeklaus Desert North 2"/>
  <Event value="033" name="Zeklaus Desert North 3"/>
  <Event value="034" name="Zeklaus Desert North 4"/>
  <Event value="035" name="Zeklaus Desert South 1"/>
  <Event value="036" name="Zeklaus Desert South 2"/>
  <Event value="037" name="Zeklaus Desert South 3"/>
  <Event value="038" name="Zeklaus Desert South 4"/>
  <Event value="039" name="Zeklaus Desert East 1"/>
  <Event value="03A" name="Zeklaus Desert East 2"/>
  <Event value="03B" name="Zeklaus Desert East 3"/>
  <Event value="03C" name="Zeklaus Desert East 4"/>
  <Event value="03D" name="Lenalian Plateau South 1"/>
  <Event value="03E" name="Lenalian Plateau South 2"/>
  <Event value="03F" name="Lenalian Plateau South 3"/>
  <Event value="040" name="Lenalian Plateau South 4"/>
  <Event value="041" name="Lenalian Plateau North 1"/>
  <Event value="042" name="Lenalian Plateau North 2"/>
  <Event value="043" name="Lenalian Plateau North 3"/>
  <Event value="044" name="Lenalian Plateau North 4"/>

  <Event value="049" name="Tchigolith Fenlands East 1"/>
  <Event value="04A" name="Tchigolith Fenlands East 2"/>
  <Event value="04B" name="Tchigolith Fenlands East 3"/>
  <Event value="04C" name="Tchigolith Fenlands East 4"/>
  <Event value="04D" name="Tchigolith Fenlands West 1"/>
  <Event value="04E" name="Tchigolith Fenlands West 2"/>
  <Event value="04F" name="Tchigolith Fenlands West 3"/>
  <Event value="050" name="Tchigolith Fenlands West 4"/>

  <Event value="052" name="Zeirchele Falls East 5"/>
  <Event value="053" name="Balias Tor South 5"/>
  <Event value="054" name="Lenalian Plateau South 5"/>
  <Event value="055" name="The Yuguewood West 1"/>
  <Event value="056" name="The Yuguewood West 2"/>
  <Event value="057" name="The Yuguewood West 3"/>
  <Event value="058" name="The Yuguewood West 4"/>
  <Event value="059" name="The Yuguewood East 1"/>
  <Event value="05A" name="The Yuguewood East 2"/>
  <Event value="05B" name="The Yuguewood East 3"/>
  <Event value="05C" name="The Yuguewood East 4"/>
  <Event value="05D" name="Dorvauldar Marsh West 5"/>
  <Event value="05E" name="Grogh Heights South 5"/>
  <Event value="05F" name="Mount Bervenia North 5"/>
  <Event value="060" name="Balias Swale South 5"/>
  <Event value="061" name="Araguay Woods West 1"/>
  <Event value="062" name="Araguay Woods West 2"/>
  <Event value="063" name="Araguay Woods West 3"/>
  <Event value="064" name="Araguay Woods West 4"/>
  <Event value="065" name="Araguay Woods East 1"/>
  <Event value="066" name="Araguay Woods East 2"/>
  <Event value="067" name="Araguay Woods East 3"/>
  <Event value="068" name="Araguay Woods East 4"/>
  <Event value="069" name="Finnath Creek East 5"/>
  <Event value="06A" name="Mount Germinas North 5"/>
  <Event value="06B" name="Araguay Woods South 5"/>
  <Event value="06C" name="The Yuguewood East 5"/>
  <Event value="06D" name="Grogh Heights West 1"/>
  <Event value="06E" name="Grogh Heights West 2"/>
  <Event value="06F" name="Grogh Heights West 3"/>
  <Event value="070" name="Grogh Heights West 4"/>
  <Event value="071" name="Grogh Heights South 1"/>
  <Event value="072" name="Grogh Heights South 2"/>
  <Event value="073" name="Grogh Heights South 3"/>
  <Event value="074" name="Grogh Heights South 4"/>
  <Event value="075" name="Grogh Heights East 1"/>
  <Event value="076" name="Grogh Heights East 2"/>
  <Event value="077" name="Grogh Heights East 3"/>
  <Event value="078" name="Grogh Heights East 4"/>
  <Event value="079" name="Beddha Sandwaste South 1"/>
  <Event value="07A" name="Beddha Sandwaste South 2"/>
  <Event value="07B" name="Beddha Sandwaste South 3"/>
  <Event value="07C" name="Beddha Sandwaste South 4"/>
  <Event value="07D" name="Beddha Sandwaste North 1"/>
  <Event value="07E" name="Beddha Sandwaste North 2"/>
  <Event value="07F" name="Beddha Sandwaste North 3"/>
  <Event value="080" name="Beddha Sandwaste North 4"/>
  <Event value="081" name="Beddha Sandwaste North 5"/>
  <Event value="082" name="Fovoham Windflats West 5"/>
  <Event value="083" name="Dugeura Pass West 5"/>
  <Event value="084" name="The Siedge Weald East 5"/>
  <Event value="085" name="Zeirchele Falls West 1"/>
  <Event value="086" name="Zeirchele Falls West 2"/>
  <Event value="087" name="Zeirchele Falls West 3"/>
  <Event value="088" name="Zeirchele Falls West 4"/>
  <Event value="089" name="Zeirchele Falls East 1"/>
  <Event value="08A" name="Zeirchele Falls East 2"/>
  <Event value="08B" name="Zeirchele Falls East 3"/>
  <Event value="08C" name="Zeirchele Falls East 4"/>
  <Event value="08D" name="Zeirchele Falls South 1"/>
  <Event value="08E" name="Zeirchele Falls South 2"/>
  <Event value="08F" name="Zeirchele Falls South 3"/>
  <Event value="090" name="Zeirchele Falls South 4"/>
  <Event value="091" name="Balias Tor North 1"/>
  <Event value="092" name="Balias Tor North 2"/>
  <Event value="093" name="Balias Tor North 3"/>
  <Event value="094" name="Balias Tor North 4"/>
  <Event value="095" name="Balias Tor South 1"/>
  <Event value="096" name="Balias Tor South 2"/>
  <Event value="097" name="Balias Tor South 3"/>
  <Event value="098" name="Balias Tor South 4"/>
  <Event value="099" name="Lake Poescas North 5"/>
  <Event value="09A" name="Tchigolith Fenlands West 5"/>
  <Event value="09B" name="Mandalia Plains South 5"/>
  <Event value="09C" name="Zeklaus Desert South 5"/>
  <Event value="09D" name="Mandalia Plains North 1"/>
  <Event value="09E" name="Mandalia Plains North 2"/>
  <Event value="09F" name="Mandalia Plains North 3"/>
  <Event value="0A0" name="Mandalia Plains North 4"/>
  <Event value="0A1" name="Mandalia Plains South 1"/>
  <Event value="0A2" name="Mandalia Plains South 2"/>
  <Event value="0A3" name="Mandalia Plains South 3"/>
  <Event value="0A4" name="Mandalia Plains South 4"/>
  <Event value="0A5" name="Mandalia Plains West 1"/>
  <Event value="0A6" name="Mandalia Plains West 2"/>
  <Event value="0A7" name="Mandalia Plains West 3"/>
  <Event value="0A8" name="Mandalia Plains West 4"/>
  <Event value="0A9" name="Dugeura Pass East 1"/>
  <Event value="0AA" name="Dugeura Pass East 2"/>
  <Event value="0AB" name="Dugeura Pass East 3"/>
  <Event value="0AC" name="Dugeura Pass East 4"/>
  <Event value="0AD" name="Dugeura Pass West 1"/>
  <Event value="0AE" name="Dugeura Pass West 2"/>
  <Event value="0AF" name="Dugeura Pass West 3"/>
  <Event value="0B0" name="Dugeura Pass West 4"/>
  <Event value="0B1" name="Terminus 1"/>
  <Event value="0B2" name="Terminus 2"/>
  <Event value="0B3" name="Terminus 3"/>
  <Event value="0B4" name="Terminus 4"/>
  <Event value="0B5" name="Balias Swale West 1"/>
  <Event value="0B6" name="Balias Swale West 2"/>
  <Event value="0B7" name="Balias Swale West 3"/>
  <Event value="0B8" name="Balias Swale West 4"/>
  <Event value="0B9" name="Balias Swale East 1"/>
  <Event value="0BA" name="Balias Swale East 2"/>
  <Event value="0BB" name="Balias Swale East 3"/>
  <Event value="0BC" name="Balias Swale East 4"/>
  <Event value="0BD" name="Balias Swale South 1"/>
  <Event value="0BE" name="Balias Swale South 2"/>
  <Event value="0BF" name="Balias Swale South 3"/>
  <Event value="0C0" name="Balias Swale South 4"/>
  <Event value="0C1" name="Finnath Creek West 1"/>
  <Event value="0C2" name="Finnath Creek West 2"/>
  <Event value="0C3" name="Finnath Creek West 3"/>
  <Event value="0C4" name="Finnath Creek West 4"/>
  <Event value="0C5" name="Finnath Creek East 1"/>
  <Event value="0C6" name="Finnath Creek East 2"/>
  <Event value="0C7" name="Finnath Creek East 3"/>
  <Event value="0C8" name="Finnath Creek East 4"/>
  <Event value="0C9" name="The Interstice 1"/>
  <Event value="0CA" name="The Interstice 2"/>
  <Event value="0CB" name="The Interstice 3"/>
  <Event value="0CC" name="The Interstice 4"/>
  <Event value="0CD" name="Lake Poescas North 1"/>
  <Event value="0CE" name="Lake Poescas North 2"/>
  <Event value="0CF" name="Lake Poescas North 3"/>
  <Event value="0D0" name="Lake Poescas North 4"/>
  <Event value="0D1" name="Lake Poescas South 1"/>
  <Event value="0D2" name="Lake Poescas South 2"/>
  <Event value="0D3" name="Lake Poescas South 3"/>
  <Event value="0D4" name="Lake Poescas South 4"/>
  <Event value="0D5" name="Voyage 1"/>
  <Event value="0D6" name="Voyage 2"/>
  <Event value="0D7" name="Voyage 3"/>
  <Event value="0D8" name="Voyage 4"/>
  <Event value="0D9" name="Mount Germinas North 1"/>
  <Event value="0DA" name="Mount Germinas North 2"/>
  <Event value="0DB" name="Mount Germinas North 3"/>
  <Event value="0DC" name="Mount Germinas North 4"/>
  <Event value="0DD" name="Mount Germinas South 1"/>
  <Event value="0DE" name="Mount Germinas South 2"/>
  <Event value="0DF" name="Mount Germinas South 3"/>
  <Event value="0E0" name="Mount Germinas South 4"/>
  <Event value="0E1" name="The Switchback 1"/>
  <Event value="0E2" name="The Switchback 2"/>
  <Event value="0E3" name="The Switchback 3"/>
  <Event value="0E4" name="The Switchback 4"/>
  <Event value="0E5" name="The Palings 1"/>
  <Event value="0E6" name="The Palings 2"/>
  <Event value="0E7" name="The Palings 3"/>
  <Event value="0E8" name="The Palings 4"/>
  <Event value="0E9" name="The Oubliette 1"/>
  <Event value="0EA" name="The Oubliette 2"/>
  <Event value="0EB" name="The Oubliette 3"/>
  <Event value="0EC" name="The Oubliette 4"/>
  <Event value="0ED" name="The Catacombs 1"/>
  <Event value="0EE" name="The Catacombs 2"/>
  <Event value="0EF" name="The Catacombs 3"/>
  <Event value="0F0" name="The Catacombs 4"/>
  <Event value="0F1" name="The Hollow 1"/>
  <Event value="0F2" name="The Hollow 2"/>
  <Event value="0F3" name="The Hollow 3"/>
  <Event value="0F4" name="The Hollow 4"/>
  <Event value="0F5" name="The Stair 1"/>
  <Event value="0F6" name="The Stair 2"/>
  <Event value="0F7" name="The Stair 3"/>
  <Event value="0F8" name="The Stair 4"/>
  <Event value="0F9" name="The Crevasse 1"/>
  <Event value="0FA" name="The Crevasse 2"/>
  <Event value="0FB" name="The Crevasse 3"/>
  <Event value="0FC" name="The Crevasse 4"/>

  <Event value="180" name="Chapter 1 - The Siedge Weald"/>
  <Event value="181" name="Chapter 1 - Dorter Slums"/>
  <Event value="182" name="Chapter 1 - Sand Rat's Sietch"/>
  <Event value="183" name="Chapter 1 - Orbonne Monastery (Opening Battle)"/>
  <Event value="184" name="Chapter 1 - Magick City of Gariland"/>
  <Event value="185" name="Chapter 1 - Mandalia Plains"/>
  <Event value="186" name="Chapter 1 - Eagrose Castle"/>

  <Event value="18B" name="Chapter 1 - Brigands' Den"/>

  <Event value="18F" name="Chapter 1 - Lenalian Plateau"/>
  <Event value="190" name="Chapter 1 - Windmill Shed"/>
  <Event value="191" name="Chapter 1 - Ziekden Fortress"/>
  <Event value="192" name="End"/>
  <Event value="193" name="Chapter 2 - Merchant City of Dorter"/>
  <Event value="194" name="Chapter 2 - Araguay Woods"/>
  <Event value="195" name="Chapter 2 - Zeirchele Falls"/>

  <Event value="197" name="Chapter 2 - Castled City of Zaland"/>

  <Event value="199" name="Chapter 2 - Balias Tor"/>
  <Event value="19A" name="Chapter 2 - Tchigolith Fenlands"/>
  <Event value="19B" name="Chapter 2 - Goug Lowtown"/>

  <Event value="19D" name="Chapter 2 - Balias Swale"/>
  <Event value="19E" name="Chapter 2 - Golgollada Gallows"/>
  <Event value="19F" name="Chapter 2 - Lionel Castle Gate"/>
  <Event value="1A0" name="Chapter 2 - Lional Castle Oratory"/>
  <Event value="1A1" name="Chapter 3 - Mining Town of Gollund"/>

  <Event value="1A3" name="Trade City of Sal Ghidos"/>
  <Event value="1A4" name="Chapter 3 - Lesalia Castle Postern"/>

  <Event value="1A6" name="Chapter 3 - Monastery Vaults: Second Level"/>
  <Event value="1A7" name="Chapter 3 - Monastery Vaults: Third Level"/>
  <Event value="1A8" name="Chapter 3 - Monastery Vaults: First Level"/>

  <Event value="1AA" name="Chapter 3 - Grogh Heights"/>

  <Event value="1AC" name="Chapter 3 - The Walled City of Yardrow"/>

  <Event value="1AE" name="Chapter 3 - The Yuguewood"/>
  <Event value="1AF" name="Chapter 3 - Riovanes Castle Gate"/>
  <Event value="1B0" name="Chapter 3 - Riovanes Castle Keep"/>
  <Event value="1B1" name="Chapter 3 - Riovanes Castle Roof"/>

  <Event value="1B3" name="Chapter 4 - Monastery Vaults: Fourth Level"/>
  <Event value="1B4" name="Chapter 4 - Monastery Vaults: Fifth Level"/>

  <Event value="1B6" name="Chapter 4 - Necrohol of Mullonde"/>
  <Event value="1B7" name="Chapter 4 - Lost Halidom"/>
  <Event value="1B8" name="Chapter 4 - Airship Graveyard 1"/>
  <Event value="1B9" name="Chapter 4 - Airship Graveyard 2"/>
  <Event value="1BA" name="Chapter 4 - Dugeura Pass"/>
  <Event value="1BB" name="Chapter 4 - Free City of Bervenia"/>
  <Event value="1BC" name="Chapter 4 - Finnath Creek"/>
  <Event value="1BD" name="Chapter 4 - Outlying Church"/>
  
  <Event value="1BF" name="Chapter 4 - Beddha Sandwaste"/>
  <Event value="1C0" name="Chapter 4 - Fort Besselat: South Wall"/>
  <Event value="1C1" name="Chapter 4 - Fort Besselat: North Wall"/>
  <Event value="1C2" name="Chapter 4 - Fort Besselat Sluice"/>
  
  <Event value="1C4" name="Chapter 4 - Mount Germinas"/>
  <Event value="1C5" name="Chapter 4 - Lake Poescas"/>
  <Event value="1C6" name="Chapter 4 - Limberry Castle Gate"/>
  
  <Event value="1C8" name="Chapter 4 - Limberry Castle Keep"/>
  <Event value="1C9" name="Chapter 4 - Limberry Castle Undercroft"/>
  
  <Event value="1CB" name="Chapter 4 - Eagrose Castle Keep"/>
  <Event value="1CC" name="Chapter 4 - Mullonde Cathedral"/>
  <Event value="1CD" name="Chapter 4 - Mullonde Cathedral Nave"/>
  <Event value="1CE" name="Chapter 4 - Mullonde Cathedral Sanctuary"/>
  <Event value="1CF" name="Collierry Underground Third Floor"/>
  <Event value="1D0" name="Collierry Underground Second Floor"/>
  <Event value="1D1" name="Collierry Underground First Floor"/>
  <Event value="1D2" name="Underground Passage in Gollund"/>
  
  <Event value="1D4" name="Nelveska Temple"/>

  <Event value="1D8" name="Nelveska Temple"/>
  <Event value="1D9" name="End"/>
  
  <Event value="1DB" name="Test"/>
  <Event value="1DC" name="Test"/>
  <Event value="1DD" name="Test"/>
  <Event value="1DE" name="Test"/>
  <Event value="1DF" name="Test"/>
  <Event value="1E0" name="Test"/>
  <Event value="1E1" name="Test"/>
  <Event value="1E2" name="Test"/>
  <Event value="1E3" name="Test"/>
  <Event value="1E4" name="Test"/>
  <Event value="1E5" name="Test"/>
  <Event value="1E6" name="Test"/>
  <Event value="1E7" name="Test"/>
  <Event value="1E8" name="Test"/>
  <Event value="1E9" name="Test"/>
  <Event value="1EA" name="Test"/>
  <Event value="1EB" name="Test"/>
  <Event value="1EC" name="Test"/>
  <Event value="1ED" name="Test"/>
  <Event value="1EE" name="Test"/>
  <Event value="1EF" name="Test"/>
  <Event value="1F0" name="Test"/>
  <Event value="1F1" name="Test"/>
  <Event value="1F2" name="Test"/>
  <Event value="1F3" name="Test"/>
  <Event value="1F4" name="Test"/>
  <Event value="1F5" name="Test"/>
  <Event value="1F6" name="Test"/>
  <Event value="1F7" name="Test"/>
  <Event value="1F8" name="Test"/>
  <Event value="1F9" name="Test"/>
  <Event value="1FA" name="Test"/>
  <Event value="1FB" name="Test"/>
  <Event value="1FC" name="Test"/>
  <Event value="1FD" name="Test"/>
  <Event value="1FE" name="Test"/>
  <Event value="1FF" name="Test"/>
  <Event value="200" name="Chapter 2 - Zeirchele Falls"/>
  <Event value="201" name="Loffrey Recruiting Wiegraf"/>
  <Event value="202" name="Balthier Battle"/>
  <Event value="203" name="Chapter 3 - Protect Luso (Zeklaus Desert)"/>
  <Event value="204" name="Battle 30"/>
  <Event value="205" name="Recruiting Luso"/>
  
  <Event value="207" name="Chapter 4 - Limberry Castle Inner Court"/>
  <Event value="208" name="He Who Knows The Answers - Dorter"/>
  <Event value="209" name="Reunion With Ovelia"/>

  <Event value="20B" name="A Voice From The Past - Lionel Castle Gate"/>
  <Event value="20C" name="A Voice From The Past - Lionel Castle"/>

  <Event value="20E" name="After the Storm - Brigands' Den"/>

  <Event value="226" name="Rendezvous: Chocobo Defense"/>
  <Event value="227" name="Rendezvous: Chicken Race"/>
  <Event value="228" name="Rendezvous: Treasure Hunt"/>
  <Event value="229" name="Rendezvous: Teioh"/>
  <Event value="22A" name="Rendezvous: Lost Heirloom"/>
  <Event value="22B" name="Rendezvous: The Fete"/>
  <Event value="22C" name="Rendezvous: Littering"/>
  <Event value="22D" name="Rendezvous: Desert Minefield"/>
  <Event value="22E" name="Rendezvous: Shades of the Past"/>
  <Event value="22F" name="Rendezvous: The Knights Templar - Part 1"/>
  <Event value="230" name="Rendezvous: The Knights Templar - Part 2"/>
  <Event value="231" name="Rendezvous: The Knights Templar - Part 3"/>
  <Event value="232" name="Rendezvous: The Knights Templar - Part 4"/>
  <Event value="233" name="Rendezvous: All-Star Melee"/>
  <Event value="234" name="Rendezvous: The Guarded Temple"/>
  <Event value="235" name="Rendezvous: Nightmares"/>
  <Event value="236" name="Rendezvous: Brave Story - Part 1"/>
  <Event value="237" name="Rendezvous: Brave Story - Part 2"/>
  <Event value="238" name="Rendezvous: Brave Story - Part 3"/>
  <Event value="239" name="Rendezvous: Brave Story - Part 4"/>
  <Event value="23A" name="Rendezvous: Brave Story - Part 5"/>
  <Event value="23B" name="Rendezvous: Brave Story - Part 6"/>
  <Event value="23C" name="Rendezvous: Brave Story - Part 7"/>
  <Event value="23D" name="Rendezvous: Brave Story - Part 8"/>
  <Event value="23E" name="Rendezvous: Brave Story - Part 9"/>
  <Event value="23F" name="Rendezvous: Brave Story - Part 10"/>

  <Event value="249" name="Rendezvous: An Ill Wind"/>

</Events>