﻿<?xml version="1.0" encoding="utf-8" ?>
<!--
    Copyright 2007, Joe Davidson <joedavidson@gmail.com>

    This file is part of FFTPatcher.

    FFTPatcher is free software: you can redistribute it and/or modify
    it under the terms of the GNU General Public License as published by
    the Free Software Foundation, either version 3 of the License, or
    (at your option) any later version.

    FFTPatcher is distributed in the hope that it will be useful,
    but WITHOUT ANY WARRANTY; without even the implied warranty of
    MERCHANTABILITY or FITNESS FOR A PARTICULAR PURPOSE.  See the
    GNU General Public License for more details.

    You should have received a copy of the GNU General Public License
    along with FFTPatcher.  If not, see <http://www.gnu.org/licenses/>.
-->
<Jobs>
  <!-- This list is used by the Jobs, Job Levels, Monster Skills, 
       Poaching, and ENTD pages -->
  <Job offset="00" name="Blank"/>
  <Job offset="01" name="Squire"/>
  <Job offset="02" name="Squire"/>
  <Job offset="03" name="Squire"/>
  <Job offset="04" name="Squire"/>
  <Job offset="05" name="Holy Knight"/>
  <Job offset="06" name="Ark Knight"/>
  <Job offset="07" name="Squire"/>
  <Job offset="08" name="Ark Knight"/>
  <Job offset="09" name="Rune Knight"/>
  <Job offset="0A" name="Duke"/>
  <Job offset="0B" name="Duke"/>
  <Job offset="0C" name="Princess"/>
  <Job offset="0D" name="Sword Saint"/>
  <Job offset="0E" name="High Confessor"/>
  <Job offset="0F" name="Dragonkin"/>
  <Job offset="10" name="Celebrant"/>
  <Job offset="11" name="Fell Knight"/>
  <Job offset="12" name="Netherseer"/>
  <Job offset="13" name="Elder"/>
  <Job offset="14" name="Cleric"/>
  <Job offset="15" name="Astrologer"/>
  <Job offset="16" name="Machinist"/>
  <Job offset="17" name="Fell Knight"/>
  <Job offset="18" name="Cardinal"/>
  <Job offset="19" name="Skyseer"/>
  <Job offset="1A" name="Netherseer"/>
  <Job offset="1B" name="Ark Knight"/>
  <Job offset="1C" name="Commoner"/>
  <Job offset="1D" name="Grand Duke"/>
  <Job offset="1E" name="Holy Knight"/>
  <Job offset="1F" name="Templar"/>
  <Job offset="20" name="White Knight"/>
  <Job offset="21" name="Witch of the Coven"/>
  <Job offset="22" name="Machinist"/>
  <Job offset="23" name="Viscount"/>
  <Job offset="24" name="Divine Knight"/>
  <Job offset="25" name="Divine Knight"/>
  <Job offset="26" name="Nightblade"/>
  <Job offset="27" name="Sorceror"/>
  <Job offset="28" name="White Knight"/>
  <Job offset="29" name="Skyseer"/>
  <Job offset="2A" name="Divine Knight"/>
  <Job offset="2B" name="Machinist"/>
  <Job offset="2C" name="Cleric"/>
  <Job offset="2D" name="Assassin"/>
  <Job offset="2E" name="Assassin"/>
  <Job offset="2F" name="Divine Knight"/>
  <Job offset="30" name="Cleric"/>
  <Job offset="31" name="False Saint"/>
  <Job offset="32" name="Soldier"/>
  <Job offset="33" name="Ark Knight"/>
  <Job offset="34" name="Holy Knight"/>
  <Job offset="35" name="Chemist"/>
  <Job offset="36" name="White Mage"/>
  <Job offset="37" name="Black Mage"/>
  <Job offset="38" name="Mystic"/>

  <Job offset="3C" name="Gigas"/>
  <Job offset="3D" name="Knight"/>
  <Job offset="3E" name="Death Seraph"/>
  <Job offset="3F" name="Archer"/>
  <Job offset="40" name="Bringer of Order"/>
  <Job offset="41" name="High Seraph"/>
  <Job offset="42" name="Black Mage"/>
  <Job offset="43" name="The Impure"/>
  <Job offset="44" name="Time Mage"/>
  <Job offset="45" name="The Wroth"/>
  <Job offset="46" name="Mystic"/>
  <Job offset="47" name="Summoner"/>
  <Job offset="48" name="Holy Dragon"/>
  <Job offset="49" name="Arch Seraph"/>
  <Job offset="4A" name="Squire"/>
  <Job offset="4B" name="Chemist"/>
  <Job offset="4C" name="Knight"/>
  <Job offset="4D" name="Archer"/>
  <Job offset="4E" name="Monk"/>
  <Job offset="4F" name="White Mage"/>
  <Job offset="50" name="Black Mage"/>
  <Job offset="51" name="Time Mage"/>
  <Job offset="52" name="Summoner"/>
  <Job offset="53" name="Thief"/>
  <Job offset="54" name="Orator"/>
  <Job offset="55" name="Mystic"/>
  <Job offset="56" name="Geomancer"/>
  <Job offset="57" name="Dragoon"/>
  <Job offset="58" name="Samurai"/>
  <Job offset="59" name="Ninja"/>
  <Job offset="5A" name="Arithmetician"/>
  <Job offset="5B" name="Bard"/>
  <Job offset="5C" name="Dancer"/>
  <Job offset="5D" name="Mime"/>
  <Job offset="5E" name="Chocobo"/>
  <Job offset="5F" name="Black Chocobo"/>
  <Job offset="60" name="Red Chocobo"/>
  <Job offset="61" name="Goblin"/>
  <Job offset="62" name="Black Goblin"/>
  <Job offset="63" name="Gobbledygook"/>
  <Job offset="64" name="Bomb"/>
  <Job offset="65" name="Grenade"/>
  <Job offset="66" name="Exploder"/>
  <Job offset="67" name="Red Panther"/>
  <Job offset="68" name="Coeurl"/>
  <Job offset="69" name="Vampire Cat"/>
  <Job offset="6A" name="Piscodaemon"/>
  <Job offset="6B" name="Squidraken"/>
  <Job offset="6C" name="Mindflayer"/>
  <Job offset="6D" name="Skeleton"/>
  <Job offset="6E" name="Bonesnatch"/>
  <Job offset="6F" name="Skeletal Fiend"/>
  <Job offset="70" name="Ghoul"/>
  <Job offset="71" name="Ghast"/>
  <Job offset="72" name="Revenant"/>
  <Job offset="73" name="Floating Eye"/>
  <Job offset="74" name="Ahriman"/>
  <Job offset="75" name="Plague Horror"/>
  <Job offset="76" name="Jura Aevis"/>
  <Job offset="77" name="Steelhawk"/>
  <Job offset="78" name="Cockatrice"/>
  <Job offset="79" name="Pig"/>
  <Job offset="7A" name="Swine"/>
  <Job offset="7B" name="Wild Boar"/>
  <Job offset="7C" name="Dryad"/>
  <Job offset="7D" name="Treant"/>
  <Job offset="7E" name="Elder Treant"/>
  <Job offset="7F" name="Wisenkin"/>
  <Job offset="80" name="Minotaur"/>
  <Job offset="81" name="Sekhret"/>
  <Job offset="82" name="Malboro"/>
  <Job offset="83" name="Ochu"/>
  <Job offset="84" name="Greater Malboro"/>
  <Job offset="85" name="Behemoth"/>
  <Job offset="86" name="Behemoth King"/>
  <Job offset="87" name="Dark Behemoth"/>
  <Job offset="88" name="Dragon"/>
  <Job offset="89" name="Blue Dragon"/>
  <Job offset="8A" name="Red Dragon"/>
  <Job offset="8B" name="Hydra"/>
  <Job offset="8C" name="Greater Hydra"/>
  <Job offset="8D" name="Tiamat"/>
  <Job offset="8E" name="Na-shi"/>
  <Job offset="8F" name="Na-shi"/>
  <Job offset="90" name="Byblos"/>
  <Job offset="91" name="Automaton"/>
  <Job offset="92" name="Na-shi"/>
  <Job offset="93" name="Na-shi"/>
  <Job offset="94" name="Na-shi"/>
  <Job offset="95" name="Na-shi"/>
  <Job offset="96" name="Reaver"/>
  <Job offset="97" name="Serpentarius"/>
  <Job offset="98" name="Holy Dragon"/>
  <Job offset="99" name="Archaeodaemon"/>
  <Job offset="9A" name="Ultima Daemon"/>

  <Job offset="A0" name="Dark Knight"/>
  <Job offset="A1" name="Onion Knight"/>
  <Job offset="A2" name="Sky Pirate"/>
  <Job offset="A3" name="Game Hunter"/>
  <Job offset="A4" name="Onion Knight"/>
  <Job offset="A5" name="Deathknight"/>
  <Job offset="A6" name="Templar"/>
  <Job offset="A7" name="Celebrant"/>
  <Job offset="A8" name="Dark Dragon"/>
  <Job offset="A9" name="Dark Dragon"/>
</Jobs>
