﻿<?xml version="1.0" encoding="utf-8" ?>
<MapNames>
  <!-- This list is used by the Move/Find items page -->
  <Map value="0"></Map>
  <Map value="1">Eagrose Castle Gate</Map>
  <Map value="2">Lesalia Castle Postern</Map>
  <Map value="3">Mullonde Cathedral Nave</Map>
  <Map value="4">Office of Lesalia Castle</Map>
  <Map value="5">Riovanes Castle Roof</Map>
  <Map value="6">Riovanes Castle Gate</Map>
  <Map value="7">Riovanes Castle Keep</Map>
  <Map value="8">Riovanes Castle</Map>
  <Map value="9">Citadel of Igros Castle</Map>
  <Map value="10">Eagrose Castle Keep</Map>
  <Map value="11">Eagrose Castle Solar</Map>
  <Map value="12">Lionel Castle Gate</Map>
  <Map value="13">Lionel Castle Oratory</Map>
  <Map value="14">Lionel Castle Parlor</Map>
  <Map value="15">Limberry Castle Gate</Map>
  <Map value="16">Limberry Castle Keep</Map>
  <Map value="17">Limberry Castle Undercroft</Map>
  <Map value="18">Limberry Castle Parlor</Map>
  <Map value="19">Limberry Castle Gate</Map>
  <Map value="20">Zeltennia Castle Keep</Map>
  <Map value="21">Zeltennia Castle</Map>
  <Map value="22">Gariland</Map>
  <Map value="23">The Beoulve Manse</Map>
  <Map value="24">The Royal Military Akademy At Gariland</Map>
  <Map value="25">Yardrow</Map>
  <Map value="26">Yardrow Armory</Map>
  <Map value="27">Gollund</Map>
  <Map value="28">Gollund Colliery Ridge</Map>
  <Map value="29">Gollund Colliery Slope</Map>
  <Map value="30">Gollund Colliery Floor</Map>
  <Map value="31">Dorter</Map>
  <Map value="32">Dorter Slums</Map>
  <Map value="33">Hospital in Slums</Map>
  <Map value="34">The Sand Rat's Sietch</Map>
  <Map value="35">Zaland</Map>
  <Map value="36">Outlying Church</Map>
  <Map value="37">Ruins outside Zaland</Map>
  <Map value="38">Goug</Map>
  <Map value="39">Golland Coal Shaft</Map>
  <Map value="40">Goug Lowtown</Map>
  <Map value="41">Bunansa Residence</Map>
  <Map value="42">Warjilis</Map>
  <Map value="43">Warjilis Harbor</Map>
  <Map value="44">Bervenia</Map>
  <Map value="45">Zeltennia Castle Chapel Ruins</Map>
  <Map value="46">The Tomb of Barbaneth Beoulve</Map>
  <Map value="47">Sal Ghidos</Map>
  <Map value="48">Sal Ghidos Slumtown</Map>
  <Map value="49">Ziekden Fortress</Map>
  <Map value="50">Mullonde Cathedral</Map>
  <Map value="51">Mullonde Cathedral</Map>
  <Map value="52">Mullonde Cathedral Sanctuary</Map>
  <Map value="53">The Necrohol Gate</Map>
  <Map value="54">Lost Halidom</Map>
  <Map value="55">Airship Graveyard</Map>
  <Map value="56">Orbonne Monastery</Map>
  <Map value="57">Monastery Vaults: First Level</Map>
  <Map value="58">Monastery Vaults: Second Level</Map>
  <Map value="59">Monastery Vaults: Third Level</Map>
  <Map value="60">Monastery Vaults: Fourth Level</Map>
  <Map value="61">Monastery Vaults: Fifth Level</Map>
  <Map value="62">Orbonne Monastery</Map>
  <Map value="63">Golgollada Gallows</Map>
  <Map value="64">Fort Besselat Sluice</Map>
  <Map value="65">Fort Besselat Granary</Map>
  <Map value="66">Fort Besselat: South Wall</Map>
  <Map value="67">Fort Besselat: North Wall</Map>
  <Map value="68">Fort Besselat</Map>
  <Map value="69">The Necrohol of Mullonde</Map>
  <Map value="70">Nelveska Temple</Map>
  <Map value="71">Dorvauldar Marsh</Map>
  <Map value="72">Fovoham Windflats</Map>
  <Map value="73">Mill Interior</Map>
  <Map value="74">The Siedge Weald</Map>
  <Map value="75">Mount Bervenia</Map>
  <Map value="76">Zeklaus Desert</Map>
  <Map value="77">Lenalian Plateau</Map>
  <Map value="78">Tchigolith Fenlands</Map>
  <Map value="79">The Yuguewood</Map>
  <Map value="80">Araguay Woods</Map>
  <Map value="81">Grogh Heights</Map>
  <Map value="82">Beddha Sandwaste</Map>
  <Map value="83">Zeirchele Falls</Map>
  <Map value="84">Balias Tor</Map>
  <Map value="85">Mandalia Plain</Map>
  <Map value="86">Dugeura Pass</Map>
  <Map value="87">Balias Swale</Map>
  <Map value="88">Finnath Creek</Map>
  <Map value="89">Lake Poeskas</Map>
  <Map value="90">Mount Germinas</Map>
  <Map value="91">Brigands' Den</Map>
  <Map value="92">Igros·Beoulve residence</Map>
  <Map value="93">Broke down shed·Wooden building</Map>
  <Map value="94">Broke down shed·Stone building</Map>
  <Map value="95">Church</Map>
  <Map value="96">Pub</Map>
  <Map value="97">Inside castle gate in Lesalia</Map>
  <Map value="98">Outside castle gate in Lesalia</Map>
  <Map value="99">Main street of Lesalia</Map>
  <Map value="100">Public cemetary</Map>
  <Map value="101">For tutorial 1</Map>
  <Map value="102">For tutorial 2</Map>
  <Map value="103">Windflat Mill</Map>
  <Map value="104">The Beoulve Manse: In the waning days of the Fifty Years' War</Map>
  <Map value="105">The Stair</Map>
  <Map value="106">The Hollow</Map>
  <Map value="107">The Cravasse</Map>
  <Map value="108">The Switchback</Map>
  <Map value="109">The Crossing</Map>
  <Map value="110">The Catacombs</Map>
  <Map value="111">The Oubliette</Map>
  <Map value="112">The Palings</Map>
  <Map value="113">The Interstice</Map>
  <Map value="114">Terminus</Map>
  <Map value="115">Abandoned Watchtower</Map>
  <Map value="116">(No name) -- Battle Arena</Map>
  <Map value="117">(No name) -- Checkerboard Wall</Map>
  <Map value="118">(No name) -- Checkerboard Wall ???</Map>
  <Map value="119">(No name) -- Checkerboard Wall Waterland</Map>
  <Map value="120">(Garbled name) -- Sloped Checkerboard</Map>
  <Map value="121"></Map>
  <Map value="122"></Map>
  <Map value="123"></Map>
  <Map value="124"></Map>
  <Map value="125"></Map>
  <Map value="126">Zeltennia Castle Postern</Map>
  <Map value="127">Limberry Castle: Inner Court</Map>
</MapNames>   
              