﻿<?xml version="1.0" encoding="utf-8" ?>
<ShopNames>
  <!-- This list is used by the Items and Shop Inventories pages -->
  <Shop value="Bervenia"   name="Free City of Bervenia"/>
  <Shop value="Dorter"     name="Merchant City of Dorter"/>
  <Shop value="Gariland"   name="Magick City of Gariland"/>
  <Shop value="Goland"     name="Mining Town of Gollund"/>
  <Shop value="Goug"       name="Clockwork City of Goug"/>
  <Shop value="Igros"      name="Eagrose Castle"/>
  <Shop value="Lesalia"    name="Royal Capital of Lesalia"/>
  <Shop value="Limberry"   name="Limberry Castle"/>
  <Shop value="Lionel"     name="Lionel Castle"/>
  <Shop value="None"       name="Unknown"/>
  <Shop value="Riovanes"   name="Riovanes Castle"/>
  <Shop value="Warjilis"   name="Port City of Warjilis"/>
  <Shop value="Yardrow"    name="Walled City of Yardrow"/>
  <Shop value="Zaland"     name="Castle City of Zaland"/>
  <Shop value="Zarghidas"  name="Trade City of Sal Ghidos"/>
  <Shop value="Zeltennia"  name="Zeltennia Castle"/>
</ShopNames>
