﻿<?xml version="1.0" encoding="utf-8" ?>
<!--
    Copyright 2007, Joe Davidson <joedavidson@gmail.com>

    This file is part of FFTPatcher.

    FFTPatcher is free software: you can redistribute it and/or modify
    it under the terms of the GNU General Public License as published by
    the Free Software Foundation, either version 3 of the License, or
    (at your option) any later version.

    FFTPatcher is distributed in the hope that it will be useful,
    but WITHOUT ANY WARRANTY; without even the implied warranty of
    MERCHANTABILITY or FITNESS FOR A PARTICULAR PURPOSE.  See the
    GNU General Public License for more details.

    You should have received a copy of the GNU General Public License
    along with FFTPatcher.  If not, see <http://www.gnu.org/licenses/>.
-->
<SkillSets>
  <!-- This list is used by the Jobs, Skill Sets, Action Menus,
       and ENTD pages -->
  <SkillSet byte="00" name="&lt;Nothing&gt;"/>
  <SkillSet byte="01" name="Attack"/>
  <SkillSet byte="02" name="Defend"/>
  <SkillSet byte="03" name="Reequip"/>
  <SkillSet byte="04" name="Flee"/>
  <SkillSet byte="05" name="Fundaments"/>
  <SkillSet byte="06" name="Items"/>
  <SkillSet byte="07" name="Arts of War"/>
  <SkillSet byte="08" name="Aim"/>
  <SkillSet byte="09" name="Martial Arts"/>
  <SkillSet byte="0A" name="White Magicks"/>
  <SkillSet byte="0B" name="Black Magicks"/>
  <SkillSet byte="0C" name="Time Magicks"/>
  <SkillSet byte="0D" name="Summon"/>
  <SkillSet byte="0E" name="Steal"/>
  <SkillSet byte="0F" name="Speechcraft"/>
  <SkillSet byte="10" name="Mystic Arts"/>
  <SkillSet byte="11" name="Geomancy"/>
  <SkillSet byte="12" name="Jump"/>
  <SkillSet byte="13" name="Iaido"/>
  <SkillSet byte="14" name="Throw"/>
  <SkillSet byte="15" name="Arithmeticks"/>
  <SkillSet byte="16" name="Bardsong"/>
  <SkillSet byte="17" name="Dance"/>
  <SkillSet byte="18" name="Mimic"/>
  <SkillSet byte="19" name="Mettle (Ramza ch. 1)"/>
  <SkillSet byte="1A" name="Mettle (Ramza ch. 2 &amp; 3)"/>
  <SkillSet byte="1B" name="Mettle (Ramza ch. 4)"/>
  <SkillSet byte="1C" name="Mettle (Delita ch. 1)"/>
  <SkillSet byte="1D" name="Holy Sword (Delita ch. 2 &amp; 3)"/>
  <SkillSet byte="1E" name="Unyielding Blade (Delita ch. 1)"/>
  <SkillSet byte="1F" name="Fundaments (Argath)"/>
  <SkillSet byte="20" name="Fell Sword (Gaffgarion)"/>
  <SkillSet byte="21" name="Holy Sword (Agrias)"/>
  <SkillSet byte="22" name="Holy Sword (Wiegraf ch. 1)"/>
  <SkillSet byte="23" name="Magicks (Tietra)"/>
  <SkillSet byte="24" name="Holy Magicks (Ovelia)"/>
  <SkillSet byte="25" name="Aimed Shot (Mustadio)"/>
  <SkillSet byte="26" name="Aimed Shot (Mustadio)"/>
  <SkillSet byte="27" name="Fell Sword (Gaffgarion)"/>
  <SkillSet byte="28" name="Holy Sword (Agrias)"/>
  <SkillSet byte="29" name="Limit (Cloud)"/>
  <SkillSet byte="2A" name="Priest Magicks (Zalmour)"/>
  <SkillSet byte="2B" name="Dragon (Reis)"/>
  <SkillSet byte="2C" name="Breath (Reis)"/>
  <SkillSet byte="2D" name="Sky Mantra (Rapha)"/>
  <SkillSet byte="2E" name="Nether Mantra (Marach)"/>
  <SkillSet byte="2F" name="Astrology (Olan)"/>
  <SkillSet byte="30" name="Holy Sword (Wiegraf ch. 3)"/>
  <SkillSet byte="31" name="Holy Magicks (Alma)"/>
  <SkillSet byte="32" name="Sky Mantra (Rapha)"/>
  <SkillSet byte="33" name="Arts of War (Isilud)"/>
  <SkillSet byte="34" name="Jump (Isilud)"/>
  <SkillSet byte="35" name="Martial Arts (Wiegraf, Riovanes)"/>
  <SkillSet byte="36" name="Subdual Arts (Celia)"/>
  <SkillSet byte="37" name="Subdual Arts (Lettie)"/>
  <SkillSet byte="38" name="Throw (Celia)"/>
  <SkillSet byte="39" name="Throw (Lettie)"/>
  <SkillSet byte="3A" name="Holy Sword (Wiegraf, Riovanes)"/>
  <SkillSet byte="3B" name="Sword Spirit (Elmdore)"/>
  <SkillSet byte="3C" name="Unyielding Blade (Loffrey)"/>
  <SkillSet byte="3D" name="Magicks (Loffrey)"/>
  <SkillSet byte="3E" name="Sword Spirit (Elmdore)"/>
  <SkillSet byte="3F" name="Vampire (Elmdore/Zalbaag)"/>
  <SkillSet byte="40" name="Unyielding Blade (Folmarv)"/>
  <SkillSet byte="41" name="Magicks (Folmarv)"/>
  <SkillSet byte="42" name="Unyielding Blade (Meliadoul)"/>
  <SkillSet byte="43" name="Unyielding Blade (Meliadoul)"/>
  <SkillSet byte="44" name="Aimed Shot (Barich)"/>
  <SkillSet byte="45" name="Spellblade (Beowulf)"/>
  <SkillSet byte="46" name="Swordplay (Dycedarg)"/>
  <SkillSet byte="47" name="Magicks (Dycedarg)"/>
  <SkillSet byte="48" name="Magicks (Cletienne)"/>
  <SkillSet byte="49" name="Esper (Cletienne)"/>
  <SkillSet byte="4A" name="Swordplay (Orlandeau)"/>
  <SkillSet byte="4B" name="Blade of Ruin (Zalbaag)"/>
  <SkillSet byte="4C" name="Holy Magicks (Alma)"/>

  <SkillSet byte="67" name="Dread (Belias)"/>
  <SkillSet byte="68" name="Summon Gigas (Belias)"/>

  <SkillSet byte="6B" name="Dread (Zalera)"/>
  <SkillSet byte="6C" name="Ja-Magicks (Zalera)"/>

  <SkillSet byte="6F" name="Dread (Hashmalum)"/>
  <SkillSet byte="70" name="Planar Magicks (Hashmalum)"/>

  <SkillSet byte="73" name="Dread (Cuchulainn)"/>
  <SkillSet byte="74" name="Befoul (Cuchulainn)"/>

  <SkillSet byte="77" name="Dread (Adremmelech)"/>
  <SkillSet byte="78" name="Magicks (Adremmelech)"/>

  <SkillSet byte="7B" name="Arcane Magicks (Altima)"/>
  <SkillSet byte="7C" name="Chaos (Altima)"/>
  <SkillSet byte="7D" name="Divine Magicks (Altima)"/>
  <SkillSet byte="7E" name="Divine Providence (Altima)"/>

  <SkillSet byte="9B" name="Swordplay (Undead Knight)"/>
  <SkillSet byte="9C" name="Aim (Undead Archer)"/>
  <SkillSet byte="9D" name="Black Magicks (Undead Black Mage)"/>
  <SkillSet byte="9E" name="Time Magicks (Undead Time Mage)"/>
  <SkillSet byte="9F" name="Mystic Arts (Undead Oracle)"/>
  <SkillSet byte="A0" name="Summon (Undead Summoner)"/>
  <SkillSet byte="A1" name="Items (Undead)"/>
  <SkillSet byte="A2" name="White Magicks (Undead White Mage)"/>
  <SkillSet byte="A3" name="Black Magicks (Undead Black Mage)"/>
  <SkillSet byte="A4" name="Mystic Arts (Undead Oracle)"/>

  <SkillSet byte="AA" name="Byblos (Byblos)"/>
  <SkillSet byte="AB" name="Tasks (Worker 8)"/>
  <SkillSet byte="AC" name="Bio (Apanda)"/>
  <SkillSet byte="AD" name="The Dark (Elidibs)"/>
  <SkillSet byte="AE" name="Dark Arts (Archaeodaemon)"/>
  <SkillSet byte="AF" name="Demon Magicks (Ultima Demon)"/>
  <SkillSet byte="B0" name="Chocobo"/>
  <SkillSet byte="B1" name="Black Chocobo"/>
  <SkillSet byte="B2" name="Red Chocobo"/>
  <SkillSet byte="B3" name="Goblin"/>
  <SkillSet byte="B4" name="Black Goblin"/>
  <SkillSet byte="B5" name="Gobbledygook"/>
  <SkillSet byte="B6" name="Bomb"/>
  <SkillSet byte="B7" name="Grenade"/>
  <SkillSet byte="B8" name="Exploder"/>
  <SkillSet byte="B9" name="Red Panther"/>
  <SkillSet byte="BA" name="Coeurl"/>
  <SkillSet byte="BB" name="Vampire Cat"/>
  <SkillSet byte="BC" name="Piscodaemon"/>
  <SkillSet byte="BD" name="Squidraken"/>
  <SkillSet byte="BE" name="Mindflayer"/>
  <SkillSet byte="BF" name="Skeleton"/>
  <SkillSet byte="C0" name="Bonesnatch"/>
  <SkillSet byte="C1" name="Skeletal Fiend"/>
  <SkillSet byte="C2" name="Ghoul"/>
  <SkillSet byte="C3" name="Ghast"/>
  <SkillSet byte="C4" name="Revenant"/>
  <SkillSet byte="C5" name="Floating Eye"/>
  <SkillSet byte="C6" name="Ahriman"/>
  <SkillSet byte="C7" name="Plague Horror"/>
  <SkillSet byte="C8" name="Jura Aevis"/>
  <SkillSet byte="C9" name="Steelhawk"/>
  <SkillSet byte="CA" name="Cockatrice"/>
  <SkillSet byte="CB" name="Pig"/>
  <SkillSet byte="CC" name="Swine"/>
  <SkillSet byte="CD" name="Wild Boar"/>
  <SkillSet byte="CE" name="Dryad"/>
  <SkillSet byte="CF" name="Treant"/>
  <SkillSet byte="D0" name="Elder Treant"/>
  <SkillSet byte="D1" name="Wisenkin"/>
  <SkillSet byte="D2" name="Minotaur"/>
  <SkillSet byte="D3" name="Sekhret"/>
  <SkillSet byte="D4" name="Malboro"/>
  <SkillSet byte="D5" name="Ochu"/>
  <SkillSet byte="D6" name="Greater Malboro"/>
  <SkillSet byte="D7" name="Behemoth"/>
  <SkillSet byte="D8" name="Behemoth King"/>
  <SkillSet byte="D9" name="Dark Behemoth"/>
  <SkillSet byte="DA" name="Dragon"/>
  <SkillSet byte="DB" name="Blue Dragon"/>
  <SkillSet byte="DC" name="Red Dragon"/>
  <SkillSet byte="DD" name="Hydra"/>
  <SkillSet byte="DE" name="Greater Hydra"/>
  <SkillSet byte="DF" name="Tiamat"/>
  <SkillSet byte="E0" name="Darkness"/>
  <SkillSet byte="E1" name="Piracy"/>
  <SkillSet byte="E2" name="Huntcraft"/>
</SkillSets>
