﻿<?xml version="1.0" encoding="utf-8" ?>
<!--
    Copyright 2007, Joe Davidson <joedavidson@gmail.com>

    This file is part of FFTPatcher.

    FFTPatcher is free software: you can redistribute it and/or modify
    it under the terms of the GNU General Public License as published by
    the Free Software Foundation, either version 3 of the License, or
    (at your option) any later version.

    FFTPatcher is distributed in the hope that it will be useful,
    but WITHOUT ANY WARRANTY; without even the implied warranty of
    MERCHANTABILITY or FITNESS FOR A PARTICULAR PURPOSE.  See the
    GNU General Public License for more details.

    You should have received a copy of the GNU General Public License
    along with FFTPatcher.  If not, see <http://www.gnu.org/licenses/>.
-->
<SpecialNames>
  <!-- This list is used by the ENTD page -->
  <SpecialName byte="00" name="None"/>
  <SpecialName byte="01" name="Ramza"/>
  <SpecialName byte="02" name="Ramza"/>
  <SpecialName byte="03" name="Ramza"/>
  <SpecialName byte="04" name="Delita"/>
  <SpecialName byte="05" name="Delita"/>
  <SpecialName byte="06" name="Delita"/>
  <SpecialName byte="07" name="Argath"/>
  <SpecialName byte="08" name="Zalbaag"/>
  <SpecialName byte="09" name="Dycedarg"/>
  <SpecialName byte="0A" name="Larg"/>
  <SpecialName byte="0B" name="Goltanna"/>
  <SpecialName byte="0C" name="Ovelia"/>
  <SpecialName byte="0D" name="Orlandeau"/>
  <SpecialName byte="0E" name="Funebris"/>
  <SpecialName byte="0F" name="Reis"/>
  <SpecialName byte="10" name="Zalmour"/>
  <SpecialName byte="11" name="Gaffgarion"/>
  <SpecialName byte="12" name="Marach"/>
  <SpecialName byte="13" name="Simon"/>
  <SpecialName byte="14" name="Alma"/>
  <SpecialName byte="15" name="Orran"/>
  <SpecialName byte="16" name="Mustadio"/>
  <SpecialName byte="17" name="Gaffgarion"/>
  <SpecialName byte="18" name="Delacroix"/>
  <SpecialName byte="19" name="Rapha"/>
  <SpecialName byte="1A" name="Marach"/>
  <SpecialName byte="1B" name="Elmdore"/>
  <SpecialName byte="1C" name="Tietra"/>
  <SpecialName byte="1D" name="Barrington"/>
  <SpecialName byte="1E" name="Agrias"/>
  <SpecialName byte="1F" name="Beowulf"/>
  <SpecialName byte="20" name="Wiegraf"/>
  <SpecialName byte="21" name="Valmafra"/>
  <SpecialName byte="22" name="Mustadio"/>
  <SpecialName byte="23" name="Ludovich"/>
  <SpecialName byte="24" name="Folmarv"/>
  <SpecialName byte="25" name="Loffrey"/>
  <SpecialName byte="26" name="Isilud"/>
  <SpecialName byte="27" name="Cletienne"/>
  <SpecialName byte="28" name="Wiegraf"/>
  <SpecialName byte="29" name="Rapha"/>
  <SpecialName byte="2A" name="Meliadoul"/>
  <SpecialName byte="2B" name="Barich"/>
  <SpecialName byte="2C" name="Alma"/>
  <SpecialName byte="2D" name="Celia"/>
  <SpecialName byte="2E" name="Lettie"/>
  <SpecialName byte="2F" name="Meliadoul"/>
  <SpecialName byte="30" name="Alma"/>
  <SpecialName byte="31" name="Ajora"/>
  <SpecialName byte="32" name="Cloud"/>
  <SpecialName byte="33" name="Zalbaag"/>
  <SpecialName byte="34" name="Agrias"/>

  <SpecialName byte="3C" name="Belias"/>
  
  <SpecialName byte="3E" name="Zalera"/>
  
  <SpecialName byte="40" name="Hashmalum"/>
  <SpecialName byte="41" name="Altima"/>
  
  <SpecialName byte="43" name="Cuchulainn"/>
  
  <SpecialName byte="45" name="Adremmelech"/>
  
  <SpecialName byte="48" name="Reis"/>
  <SpecialName byte="49" name="Altima"/>
  <SpecialName byte="4A" name="Gustav"/>
  <SpecialName byte="4B" name="Milleuda"/>
  <SpecialName byte="4C" name="Gragoroth"/>
  <SpecialName byte="73" name="Construct 7"/>
  <SpecialName byte="74" name="Syneugh"/>
  <SpecialName byte="75" name="Construct 8"/>
  <SpecialName byte="76" name="Boco"/>
  <SpecialName byte="77" name="Elidibus"/>
  <SpecialName byte="78" name="Lavian"/>
  <SpecialName byte="79" name="Alicia"/>
  <SpecialName byte="7A" name="Fukes?"/>
  <SpecialName byte="7B" name="Dish?"/>
  <SpecialName byte="7C" name="Biggs"/>
  <SpecialName byte="7D" name="Wedge"/>
  <SpecialName byte="7E" name="Lezales"/>
  <SpecialName byte="7F" name="Ladd"/>
  <SpecialName byte="FE" name="Ramza Beoulve"/>
  <SpecialName byte="FF" name="&lt;Random&gt;"/>
  <SpecialName byte="A2" name="Balthier"/>
  <SpecialName byte="A3" name="Luso"/>

  <SpecialName byte="6E" name="Construct 2"/>
  <SpecialName byte="6F" name="Gobith"/>
  <SpecialName byte="70" name="Construct 3"/>
  <SpecialName byte="71" name="Protoconstruct"/>
  <SpecialName byte="72" name="Teioh"/>
  <SpecialName byte="A5" name="Argath (Deathknight)"/>
  <SpecialName byte="A6" name="Aliste"/>
  <SpecialName byte="A7" name="Bremondt"/>
  <SpecialName byte="A8" name="Bremondt (Dark Dragon)"/>
</SpecialNames>