﻿<?xml version="1.0" encoding="utf-8" ?>
<!--
    Copyright 2007, Joe Davidson <joedavidson@gmail.com>

    This file is part of FFTPatcher.

    FFTPatcher is free software: you can redistribute it and/or modify
    it under the terms of the GNU General Public License as published by
    the Free Software Foundation, either version 3 of the License, or
    (at your option) any later version.

    FFTPatcher is distributed in the hope that it will be useful,
    but WITHOUT ANY WARRANTY; without even the implied warranty of
    MERCHANTABILITY or FITNESS FOR A PARTICULAR PURPOSE.  See the
    GNU General Public License for more details.

    You should have received a copy of the GNU General Public License
    along with FFTPatcher.  If not, see <http://www.gnu.org/licenses/>.
-->
<Sprites>
  <!-- This list is used by the ENTD page -->
  <Sprite byte="00" name="None"/>
  <Sprite byte="01" name="Ramza, chapter 1"/>
  <Sprite byte="02" name="Ramza, chapter 2 &amp; 3"/>
  <Sprite byte="03" name="Ramza, chapter 4"/>
  <Sprite byte="04" name="Delita, chapter 1"/>
  <Sprite byte="05" name="Delita, chapter 2 &amp; 3"/>
  <Sprite byte="06" name="Delita, chapter 4"/>
  <Sprite byte="07" name="Argath"/>
  <Sprite byte="08" name="Zalbaag"/>
  <Sprite byte="09" name="Dycedarg"/>
  <Sprite byte="0A" name="Larg"/>
  <Sprite byte="0B" name="Goltanna"/>
  <Sprite byte="0C" name="Ovelia"/>
  <Sprite byte="0D" name="Orlandeau"/>
  <Sprite byte="0E" name="Funebris"/>
  <Sprite byte="0F" name="Reis (human)"/>
  <Sprite byte="10" name="Zalmour"/>
  <Sprite byte="11" name="Gaffgarion"/>
  <Sprite byte="12" name="Marach"/>
  <Sprite byte="13" name="Simon"/>
  <Sprite byte="14" name="Alma"/>
  <Sprite byte="15" name="Orran"/>
  <Sprite byte="16" name="Mustadio"/>
  <Sprite byte="17" name="Gaffgarion"/>
  <Sprite byte="18" name="Delacroix"/>
  <Sprite byte="19" name="Rapha"/>
  <Sprite byte="1A" name="Marach"/>
  <Sprite byte="1B" name="Elmdore"/>
  <Sprite byte="1C" name="Tietra"/>
  <Sprite byte="1D" name="Barrington"/>
  <Sprite byte="1E" name="Agrias"/>
  <Sprite byte="1F" name="Beowulf"/>
  <Sprite byte="20" name="Wiegraf, chapter 1"/>
  <Sprite byte="21" name="Valmafra"/>
  <Sprite byte="22" name="Mustadio"/>
  <Sprite byte="23" name="Ludovich"/>
  <Sprite byte="24" name="Folmarv"/>
  <Sprite byte="25" name="Loffrey"/>
  <Sprite byte="26" name="Isilud"/>
  <Sprite byte="27" name="Cletienne"/>
  <Sprite byte="28" name="Wiegraf, chapter 3"/>
  <Sprite byte="29" name="Rapha"/>
  <Sprite byte="2A" name="Meliadoul"/>
  <Sprite byte="2B" name="Barich"/>
  <Sprite byte="2C" name="Alma"/>
  <Sprite byte="2D" name="Celia"/>
  <Sprite byte="2E" name="Lettie"/>
  <Sprite byte="2F" name="Meliadoul"/>
  <Sprite byte="30" name="Alma"/>
  <Sprite byte="31" name="Ajora"/>
  <Sprite byte="32" name="Cloud"/>
  <Sprite byte="33" name="Zalbaag, possessed"/>
  <Sprite byte="34" name="Agrias"/>

  <Sprite byte="3C" name="Belias"/>
  <Sprite byte="3D" name="Knight (Undead)"/>
  <Sprite byte="3E" name="Zalera"/>
  <Sprite byte="3F" name="Archer (Undead)"/>
  <Sprite byte="40" name="Hashmalum"/>
  <Sprite byte="41" name="Altima, First Form"/>
  <Sprite byte="42" name="Black Mage (Undead)"/>
  <Sprite byte="43" name="Cuchulainn"/>
  <Sprite byte="44" name="Time Mage (Undead)"/>
  <Sprite byte="45" name="Adremmelech"/>
  <Sprite byte="46" name="Mystic (Undead)"/>
  <Sprite byte="47" name="Summoner (Undead)"/>
  <Sprite byte="48" name="Reis (Dragon)"/>
  <Sprite byte="49" name="Altima, Second Form"/>
  <Sprite byte="4A" name="Gustav"/>
  <Sprite byte="4B" name="Milleuda"/>
  <Sprite byte="4C" name="Gragoroth"/>
  
  <Sprite byte="73" name="Construct 7"/>
  <Sprite byte="74" name="Syneugh"/>
  <Sprite byte="75" name="Construct 8"/>
  <Sprite byte="76" name="Boco"/>
  <Sprite byte="77" name="Elidibus"/>
  <Sprite byte="78" name="Lavian"/>
  <Sprite byte="79" name="Alicia"/>
  <Sprite byte="7A" name="Fukes?"/>
  <Sprite byte="7B" name="Dish?"/>
  <Sprite byte="7C" name="Biggs"/>
  <Sprite byte="7D" name="Wedge"/>
  <Sprite byte="7E" name="Lezales"/>
  <Sprite byte="7F" name="Ladd"/>
  <Sprite byte="80" name="Generic Male"/>
  <Sprite byte="81" name="Generic Female"/>
  <Sprite byte="82" name="Generic Monster"/>
  
  <Sprite byte="A2" name="Balthier"/>
  <Sprite byte="A3" name="Luso"/>

  <Sprite byte="A5" name="Argath (Deathknight)"/>
  <Sprite byte="A6" name="Aliste"/>
  <Sprite byte="A7" name="Bremondt"/>
  <Sprite byte="A8" name="Bremondt (Dark Dragon)"/>
</Sprites>
