﻿<?xml version="1.0" encoding="utf-8" ?>
<sprites>
  <!-- This list is used by the Sprite editor -->
  <s n="00">Ramza Chapter 1</s>
  <s n="01">Ramza Chapter 2/3</s>
  <s n="02">Ramza Chapter 4</s>
  <s n="03">Delita Chapter 1</s>
  <s n="04">Delita Chapter 2/3</s>
  <s n="05">Delita Chapter 4</s>
  <s n="06">Argath</s>
  <s n="07">Zalbaag</s>
  <s n="08">Dycedarg</s>
  <s n="09">Larg</s>
  <s n="0A">Goltanna</s>
  <s n="0B">Ovelia</s>
  <s n="0C">Orlandeau</s>
  <s n="0D">Funebris</s>
  <s n="0E">Reis (Human)</s>
  <s n="0F">Zalmour</s>
  <s n="10">Gaffgarion (Enemy)</s>
  <s n="11">Marach (Dead, Used once)</s>
  <s n="12">Simon</s>
  <s n="13">Alma (Battle)</s>
  <s n="14">Orran</s>
  <s n="15">Mustadio (Join)</s>
  <s n="16">Gaffgarion (Guest)</s>
  <s n="17">Delacroix</s>
  <s n="18">Rapha (Guest)</s>
  <s n="19">Marach (Enemy &amp; Join)</s>
  <s n="1A">Elmdore</s>
  <s n="1B">Tietra</s>
  <s n="1C">Barrington</s>
  <s n="1D">Agrias (Join)</s>
  <s n="1E">Beowulf</s>
  <s n="1F">Wiegraf Chapter 1</s>
  <s n="20">Valmafra</s>
  <s n="21">Mustadio (Guest)</s>
  <s n="22">Ludovich</s>
  <s n="23">Folmarv</s>
  <s n="24">Loffrey</s>
  <s n="25">Isilud</s>
  <s n="26">Cletienne</s>
  <s n="27">Wiegraf Chapter 2/3</s>
  <s n="28">Rapha (Join)</s>
  <s n="29">Meliadoul (Join)</s>
  <s n="2A">Barich</s>
  <s n="2B">Alma (Dead)</s>
  <s n="2C">Celia</s>
  <s n="2D">Lettie</s>
  <s n="2E">Meliadoul (Enemy)</s>
  <s n="2F">Alma (Events)</s>
  <s n="30">Ajora</s>
  <s n="31">Cloud</s>
  <s n="32">Zalbaag (Zombie)</s>
  <s n="33">Agrias (Guest)</s>
  <s n="34">Female Chemist</s>
  <s n="35">Female White Mage</s>
  <s n="36">Male Black Mage</s>
  <s n="37">Male Mystic</s>
  <s n="38">Male Squire</s>
  <s n="39">Celia (Never Used)</s>
  <s n="3A">Lettie (Never Used)</s>
  <s n="3B">Belias</s>
  <s n="3C">Male Knight</s>
  <s n="3D">Zalera</s>
  <s n="3E">Male Archer</s>
  <s n="3F">Hashmal</s>
  <s n="40">Altima (First Form)</s>
  <s n="41">Male Black Mage</s>
  <s n="42">Cuchulainn</s>
  <s n="43">Female Time Mage</s>
  <s n="44">Adrammelech</s>
  <s n="45">Male Mystic</s>
  <s n="46">Female Summoner</s>
  <s n="47">Reis (Dragon Form)</s>
  <s n="48">Altima (Second Form)</s>
  <s n="49">10 Year Old Male</s>
  <s n="4A">10 Year Old Woman</s>
  <s n="4B">20 Year Old Male</s>
  <s n="4C">20 Year Old Woman</s>
  <s n="4D">40 Year Old Male</s>
  <s n="4E">40 Year Old Woman</s>
  <s n="4F">60 Year Old Male</s>
  <s n="50">60 Year Old Woman</s>
  <s n="51">Old Funeral Man</s>
  <s n="52">Old Funeral Woman</s>
  <s n="53">Funeral Man</s>
  <s n="54">Funeral Woman</s>
  <s n="55">Funeral Priest</s>
  <s n="56">Male Squire</s>
  <s n="57">Male Squire</s>
  <s n="58">Male Squire</s>
  <s n="59">Male Squire</s>
  <s n="5A">Male Squire</s>
  <s n="5B">Male Squire</s>
  <s n="5C">???</s>
  <s n="5D">???</s>
  <s n="5E">???</s>
  <s n="5F">Male Squire</s>
  <s n="60">Female Squire</s>
  <s n="61">Male Chemist</s>
  <s n="62">Female Chemist</s>
  <s n="63">Male Knight</s>
  <s n="64">Female Knight</s>
  <s n="65">Male Archer</s>
  <s n="66">Female Archer</s>
  <s n="67">Male Monk</s>
  <s n="68">Female Monk</s>
  <s n="69">Male White Mage</s>
  <s n="6A">Female White Mage</s>
  <s n="6B">Male Black Mage</s>
  <s n="6C">Female Black Mage</s>
  <s n="6D">Male Time Mage</s>
  <s n="6E">Female Time Mage</s>
  <s n="6F">Male Summoner</s>
  <s n="70">Female Summoner</s>
  <s n="71">Male Thief</s>
  <s n="72">Female Thief</s>
  <s n="73">Male Orator</s>
  <s n="74">Female Orator</s>
  <s n="75">Male Mystic</s>
  <s n="76">Female Mystic</s>
  <s n="77">Male Geomancer</s>
  <s n="78">Female Geomancer</s>
  <s n="79">Male Dragoon</s>
  <s n="7A">Female Dragoon</s>
  <s n="7B">Male Samurai</s>
  <s n="7C">Female Samurai</s>
  <s n="7D">Male Ninja</s>
  <s n="7E">Female Ninja</s>
  <s n="7F">Male Arithmetician</s>
  <s n="80">Female Arithmetician</s>
  <s n="81">Male Bard</s>
  <s n="82">Female Dancer</s>
  <s n="83">Male Mime</s>
  <s n="84">Female Mime</s>
  <s n="85">Chocobo</s>
  <s n="86">Goblin</s>
  <s n="87">Bomb</s>
  <s n="88">Coeurl</s>
  <s n="89">Squid</s>
  <s n="8A">Skeleton</s>
  <s n="8B">Ghost</s>
  <s n="8C">Ahriman</s>
  <s n="8D">Cockatrice</s>
  <s n="8E">Pig</s>
  <s n="8F">Treant</s>
  <s n="90">Minotaur</s>
  <s n="91">Malboro</s>
  <s n="92">Behemoth</s>
  <s n="93">Dragon</s>
  <s n="94">Tiamat</s>
  <s n="95">Apanda/Byblos</s>
  <s n="96">Elidibus</s>
  <s n="97">Dragon</s>
  <s n="98">Demon</s>
  <s n="99">Automaton</s>
  <s n="9A">Male Dark Knight</s>
  <s n="9B">Female Dark Knight</s>
  <s n="9C">Male Onion Knight</s>
  <s n="9D">Female Onion Knight</s>
  <s n="9E">Balthier</s>
  <s n="9F">Luso</s>
  <s n="A0">Argath (Death Knight)</s>
  <s n="A1">Aliste</s>
  <s n="A2">Bremondt</s>
  <s n="A3">Bremondt (Dark Dragon)</s>
  <s n="A4">???</s>
</sprites>