﻿<?xml version="1.0" encoding="utf-8" ?>
<Names>
  <!-- This list is used by the text editor -->
  <n id="0"/>
  <n id="1">Ramza</n>
  <n id="2">Ramza</n>
  <n id="3">Ramza</n>
  <n id="4">Delita</n>
  <n id="5">Delita</n>
  <n id="6">Delita</n>
  <n id="7">Argath</n>
  <n id="8">Zalbaag</n>
  <n id="9">Dycedarg</n>
  <n id="10">Larg</n>
  <n id="11">Goltanna</n>
  <n id="12">Ovelia</n>
  <n id="13">Orlandeau</n>
  <n id="14">Marcel</n>
  <n id="15">Reis</n>
  <n id="16">Zalmour</n>
  <n id="17">Gaffgarion</n>
  <n id="18">Marach</n>
  <n id="19">Simon</n>
  <n id="20">Alma</n>
  <n id="21">Orran</n>
  <n id="22">Mustadio</n>
  <n id="23">Gaffgarion</n>
  <n id="24">Delacroix</n>
  <n id="25">Rapha</n>
  <n id="26">Marach</n>
  <n id="27">Elmdore</n>
  <n id="28">Tietra</n>
  <n id="29">Barrington</n>
  <n id="30">Agrias</n>
  <n id="31">Beowulf</n>
  <n id="32">Wiegraf</n>
  <n id="33">Valmafra</n>
  <n id="34">Mustadio</n>
  <n id="35">Ludovich</n>
  <n id="36">Folmarv</n>
  <n id="37">Loffrey</n>
  <n id="38">Isilud</n>
  <n id="39">Cletienne</n>
  <n id="40">Wiegraf</n>
  <n id="41">Rapha</n>
  <n id="42">Meliadoul</n>
  <n id="43">Barich</n>
  <n id="44">Alma</n>
  <n id="45">Celia</n>
  <n id="46">Lettie</n>
  <n id="47">Meliadoul</n>
  <n id="48">Alma</n>
  <n id="49">Ajora</n>
  <n id="50">Cloud</n>
  <n id="51">Zalbaag</n>
  <n id="52">Agrias</n>
  <n id="53"/>
  <n id="54"/>
  <n id="55"/>
  <n id="56"/>
  <n id="57"/>
  <n id="58"/>
  <n id="59"/>
  <n id="60">Belias</n>
  <n id="61"/>
  <n id="62">Zalera</n>
  <n id="63"/>
  <n id="64">Hashmal</n>
  <n id="65">Ultima</n>
  <n id="66"/>
  <n id="67">Cúchulainn</n>
  <n id="68">Rofocale</n>
  <n id="69">Adrammelech</n>
  <n id="70"/>
  <n id="71"/>
  <n id="72">Reis</n>
  <n id="73">Ultima</n>
  <n id="74">Gustav</n>
  <n id="75">Milleuda</n>
  <n id="76">Gragoroth</n>
  <n id="77">名顔固定04</n>
  <n id="78">名顔固定05</n>
  <n id="79">名顔固定06</n>
  <n id="80">名顔固定07</n>
  <n id="81">名顔固定08</n>
  <n id="82">名顔固定09</n>
  <n id="83">名顔固定10</n>
  <n id="84">名顔固定11</n>
  <n id="85">名顔固定12</n>
  <n id="86">名顔固定13</n>
  <n id="87">名顔固定14</n>
  <n id="88">名顔固定15</n>
  <n id="89">名顔固定16</n>
  <n id="90">名顔固定17</n>
  <n id="91">名顔固定18</n>
  <n id="92">名顔固定19</n>
  <n id="93">名顔固定20</n>
  <n id="94">名顔固定21</n>
  <n id="95">名顔固定22</n>
  <n id="96">汎用名固定01</n>
  <n id="97">汎用名固定02</n>
  <n id="98">汎用名固定03</n>
  <n id="99">汎用名固定04</n>
  <n id="100">汎用名固定05</n>
  <n id="101">汎用名固定06</n>
  <n id="102">汎用名固定07</n>
  <n id="103">汎用名固定08</n>
  <n id="104">汎用名固定09</n>
  <n id="105">汎用名固定10</n>
  <n id="106">汎用名固定11</n>
  <n id="107">汎用名固定12</n>
  <n id="108">汎用名固定13</n>
  <n id="109">汎用名固定14</n>
  <n id="110">Construct 2</n>
  <n id="111">Govis</n>
  <n id="112">Construct 3</n>
  <n id="113">Protoconstruct</n>
  <n id="114">Teioh</n>
  <n id="115">Construct 7</n>
  <n id="116">Syneugh</n>
  <n id="117">Construct 8</n>
  <n id="118">Boco</n>
  <n id="119">Elidibus</n>
  <n id="120">Lavian</n>
  <n id="121">Alicia</n>
  <n id="122">Fuchs</n>
  <n id="123">Diesch</n>
  <n id="124">Biggs</n>
  <n id="125">Wezlef</n>
  <n id="126">Lezalas</n>
  <n id="127">Ladd</n>
  <n id="128">汎用名固定33</n>
  <n id="129">汎用名固定34</n>
  <n id="130">汎用名固定35</n>
  <n id="131">汎用名固定36</n>
  <n id="132">汎用名固定37</n>
  <n id="133">汎用名固定38</n>
  <n id="134">汎用名固定39</n>
  <n id="135">汎用名固定40</n>
  <n id="136">汎用名固定41</n>
  <n id="137">汎用名固定42</n>
  <n id="138">汎用名固定43</n>
  <n id="139">汎用名固定44</n>
  <n id="140">汎用名固定45</n>
  <n id="141">汎用名固定46</n>
  <n id="142">汎用名固定47</n>
  <n id="143">汎用名固定48</n>
  <n id="144">汎用名固定49</n>
  <n id="145">汎用名固定50</n>
  <n id="146">汎用名固定51</n>
  <n id="147">汎用名固定52</n>
  <n id="148">汎用名固定53</n>
  <n id="149">汎用名固定54</n>
  <n id="150">汎用名固定55</n>
  <n id="151">汎用名固定56</n>
  <n id="152">汎用名固定57</n>
  <n id="153">汎用名固定58</n>
  <n id="154">汎用名固定59</n>
  <n id="155">汎用名固定60</n>
  <n id="156">汎用名固定61</n>
  <n id="157">汎用名固定62</n>
  <n id="158">汎用名固定63</n>
  <n id="159">汎用名固定64</n>
  <n id="160">汎用名固定65</n>
  <n id="161">汎用名固定66</n>
  <n id="162">Balthier</n>
  <n id="163">Luso</n>
  <n id="164">汎用名固定69</n>
  <n id="165">Argath</n>
  <n id="166">Aliste</n>
  <n id="167">Bremondt</n>
  <n id="168">Bremondt</n>
  <n id="169">汎用名固定74</n>
  <n id="170">汎用名固定75</n>
  <n id="171">汎用名固定76</n>
  <n id="172">汎用名固定77</n>
  <n id="173">汎用名固定78</n>
  <n id="174">汎用名固定79</n>
  <n id="175">汎用名固定80</n>
  <n id="176">汎用名固定81</n>
  <n id="177">汎用名固定82</n>
  <n id="178">汎用名固定83</n>
  <n id="179">汎用名固定84</n>
  <n id="180">汎用名固定85</n>
  <n id="181">汎用名固定86</n>
  <n id="182">汎用名固定87</n>
  <n id="183">汎用名固定88</n>
  <n id="184">汎用名固定89</n>
  <n id="185">汎用名固定90</n>
  <n id="186">汎用名固定91</n>
  <n id="187">汎用名固定92</n>
  <n id="188">汎用名固定93</n>
  <n id="189">汎用名固定94</n>
  <n id="190">汎用名固定95</n>
  <n id="191">汎用名固定96</n>
  <n id="192">汎用名固定97</n>
  <n id="193">汎用名固定98</n>
  <n id="194">汎用名固定99</n>
  <n id="195">汎用名固定110</n>
  <n id="196">汎用名固定111</n>
  <n id="197">汎用名固定112</n>
  <n id="198">汎用名固定113</n>
  <n id="199">汎用名固定114</n>
  <n id="200">汎用名固定115</n>
  <n id="201">汎用名固定116</n>
  <n id="202">汎用名固定117</n>
  <n id="203">汎用名固定118</n>
  <n id="204">汎用名固定119</n>
  <n id="205">汎用名固定120</n>
  <n id="206">汎用名固定121</n>
  <n id="207">汎用名固定122</n>
  <n id="208">汎用名固定123</n>
  <n id="209">汎用名固定124</n>
  <n id="210">汎用名固定125</n>
  <n id="211">汎用名固定126</n>
  <n id="212">汎用名固定127</n>
  <n id="213">汎用名固定128</n>
  <n id="214">汎用名固定129</n>
  <n id="215">汎用名固定120</n>
  <n id="216">汎用名固定131</n>
  <n id="217">汎用名固定132</n>
  <n id="218">汎用名固定133</n>
  <n id="219">汎用名固定134</n>
  <n id="220">汎用名固定135</n>
  <n id="221">汎用名固定136</n>
  <n id="222">汎用名固定137</n>
  <n id="223">汎用名固定138</n>
  <n id="224">汎用名固定139</n>
  <n id="225">汎用名固定140</n>
  <n id="226">汎用名固定141</n>
  <n id="227">汎用名固定142</n>
  <n id="228">汎用名固定143</n>
  <n id="229">汎用名固定144</n>
  <n id="230">汎用名固定145</n>
  <n id="231">汎用名固定146</n>
  <n id="232">汎用名固定147</n>
  <n id="233">汎用名固定148</n>
  <n id="234">汎用名固定149</n>
  <n id="235">汎用名固定150</n>
  <n id="236">汎用名固定151</n>
  <n id="237">汎用名固定152</n>
  <n id="238">汎用名固定153</n>
  <n id="239">汎用名固定154</n>
  <n id="240">汎用名固定155</n>
  <n id="241">汎用名固定156</n>
  <n id="242">汎用名固定157</n>
  <n id="243">汎用名固定158</n>
  <n id="244">汎用名固定159</n>
  <n id="245">汎用名固定160</n>
  <n id="246">汎用名固定161</n>
  <n id="247">汎用名固定162</n>
  <n id="248">汎用名固定163</n>
  <n id="249">汎用名固定164</n>
  <n id="250">汎用名固定165</n>
  <n id="251">汎用名固定166</n>
  <n id="252">汎用名固定167</n>
  <n id="253">汎用名固定168</n>
  <n id="254">汎用名固定169</n>
  <n id="255">汎用名固定170</n>
  <n id="256">Arnald</n>
  <n id="257">Ivan</n>
  <n id="258">Isleton</n>
  <n id="259">Abel</n>
  <n id="260">Addison</n>
  <n id="261">Albin</n>
  <n id="262">Arthur</n>
  <n id="263">Augustine</n>
  <n id="264">Alistair</n>
  <n id="265">Hadrian</n>
  <n id="266">Jeger</n>
  <n id="267">Ingham</n>
  <n id="268">Ingram</n>
  <n id="269">Hewrey</n>
  <n id="270">Vannes</n>
  <n id="271">Wilham</n>
  <n id="272">Vyncent</n>
  <n id="273">Wilfrid</n>
  <n id="274">Werner</n>
  <n id="275">Warin</n>
  <n id="276">Walter</n>
  <n id="277">Esperaunce</n>
  <n id="278">Abraham</n>
  <n id="279">Ethelred</n>
  <n id="280">Ethelbert</n>
  <n id="281">Edmund</n>
  <n id="282">Eadbert</n>
  <n id="283">Erasmus</n>
  <n id="284">Esmour</n>
  <n id="285">Erik</n>
  <n id="286">Aldous</n>
  <n id="287">Osric</n>
  <n id="288">Olyver</n>
  <n id="289">Oswyn</n>
  <n id="290">Orwen</n>
  <n id="291">Kurtz</n>
  <n id="292">Coster</n>
  <n id="293">Carmine</n>
  <n id="294">Cuthbert</n>
  <n id="295">Gylbart</n>
  <n id="296">Gyles</n>
  <n id="297">Kain</n>
  <n id="298">Kenrick</n>
  <n id="299">Guston</n>
  <n id="300">Cole</n>
  <n id="301">Kerrich</n>
  <n id="302">Caplan</n>
  <n id="303">Caspar</n>
  <n id="304">Ceadda</n>
  <n id="305">Kinnison</n>
  <n id="306">Gauwyn</n>
  <n id="307">Cameron</n>
  <n id="308">Kimball</n>
  <n id="309">Gwayne</n>
  <n id="310">Godfrey</n>
  <n id="311">Clive</n>
  <n id="312">Gregory</n>
  <n id="313">Clifton</n>
  <n id="314">Claudien</n>
  <n id="315">Cain</n>
  <n id="316">Khellus</n>
  <n id="317">Gerhardt</n>
  <n id="318">Goddard</n>
  <n id="319">Cornell</n>
  <n id="320">Colson</n>
  <n id="321">Conphas</n>
  <n id="322">Ganelon</n>
  <n id="323">Ronald</n>
  <n id="324">Sevrin</n>
  <n id="325">Zacheus</n>
  <n id="326">Samson</n>
  <n id="327">Symon</n>
  <n id="328">Symond</n>
  <n id="329">Sigurdh</n>
  <n id="330">Jenlyns</n>
  <n id="331">Sighard</n>
  <n id="332">Chartain</n>
  <n id="333">Geoffrey</n>
  <n id="334">Joyce</n>
  <n id="335">Joseph</n>
  <n id="336">Jakys</n>
  <n id="337">Cyriac</n>
  <n id="338">Jonathas</n>
  <n id="339">Gerald</n>
  <n id="340">Singleton</n>
  <n id="341">Swift</n>
  <n id="342">Alaire</n>
  <n id="343">Stewart</n>
  <n id="344">Aldebrand</n>
  <n id="345">Aylmer</n>
  <n id="346">Ealdwine</n>
  <n id="347">Aran</n>
  <n id="348">Spenser</n>
  <n id="349">Eldred</n>
  <n id="350">Emerick</n>
  <n id="351">Eleazar</n>
  <n id="352">Zerig</n>
  <n id="353">Zell</n>
  <n id="354">Etgar</n>
  <n id="355">Gembert</n>
  <n id="356">Solyeuse</n>
  <n id="357">Thrydwulf</n>
  <n id="358">Donner</n>
  <n id="359">Gerbold</n>
  <n id="360">Taran</n>
  <n id="361">Turstin</n>
  <n id="362">Derwin</n>
  <n id="363">Danyell</n>
  <n id="364">Davyd</n>
  <n id="365">Dalmas</n>
  <n id="366">Charlys</n>
  <n id="367">Chamberlain</n>
  <n id="368">Grimbald</n>
  <n id="369">Kennard</n>
  <n id="370">Orrick</n>
  <n id="371">Owyne</n>
  <n id="372">Radolf</n>
  <n id="373">Deitrich</n>
  <n id="374">Daimbert</n>
  <n id="375">Reyner</n>
  <n id="376">Deryk</n>
  <n id="377">Timothy</n>
  <n id="378">Taylor</n>
  <n id="379">Reynfred</n>
  <n id="380">Theodore</n>
  <n id="381">Robyn</n>
  <n id="382">Rolfe</n>
  <n id="383">Ulric</n>
  <n id="384">Templeton</n>
  <n id="385">Dawson</n>
  <n id="386">Wymond</n>
  <n id="387">Drystan</n>
  <n id="388">Ywain</n>
  <n id="389">Drake</n>
  <n id="390">Drew</n>
  <n id="391">Tristan</n>
  <n id="392">Thomas</n>
  <n id="393">Gerland</n>
  <n id="394">Nathaniel</n>
  <n id="395">Navarre</n>
  <n id="396">Neale</n>
  <n id="397">Anselm</n>
  <n id="398">Godebert</n>
  <n id="399">Wadard</n>
  <n id="400">Abelard</n>
  <n id="401">Sandre</n>
  <n id="402">Noes</n>
  <n id="403">Norman</n>
  <n id="404">Arnott</n>
  <n id="405">Wymon</n>
  <n id="406">Baderon</n>
  <n id="407">Bartholomew</n>
  <n id="408">Parnell</n>
  <n id="409">Habreham</n>
  <n id="410">Bernard</n>
  <n id="411">Percival</n>
  <n id="412">Berndan</n>
  <n id="413">Heinlein</n>
  <n id="414">Bertrand</n>
  <n id="415">Baldric</n>
  <n id="416">Powle</n>
  <n id="417">Bardolf</n>
  <n id="418">Patrick</n>
  <n id="419">Halstein</n>
  <n id="420">Hamon</n>
  <n id="421">Bertram</n>
  <n id="422">Valentyne</n>
  <n id="423">Johannes</n>
  <n id="424">Haimirich</n>
  <n id="425">Humphrey</n>
  <n id="426">Piers</n>
  <n id="427">Edwyn</n>
  <n id="428">Peter</n>
  <n id="429">Simond</n>
  <n id="430">Rickeman</n>
  <n id="431">Willielmus</n>
  <n id="432">Philippe</n>
  <n id="433">Fawkes</n>
  <n id="434">Ricard</n>
  <n id="435">Fiebras</n>
  <n id="436">Foxe</n>
  <n id="437">Folke</n>
  <n id="438">Bran</n>
  <n id="439">Bryce</n>
  <n id="440">Blackburn</n>
  <n id="441">Bayard</n>
  <n id="442">Francis</n>
  <n id="443">Bouchard</n>
  <n id="444">Bruce</n>
  <n id="445">Brien</n>
  <n id="446">Fulke</n>
  <n id="447">Frederick</n>
  <n id="448">Flambard</n>
  <n id="449">Blavier</n>
  <n id="450">Victor</n>
  <n id="451">Laurentius</n>
  <n id="452">Benedict</n>
  <n id="453">Belmont</n>
  <n id="454">Beneger</n>
  <n id="455">Brice</n>
  <n id="456">Galfrid</n>
  <n id="457">Voyce</n>
  <n id="458">Wolfstan</n>
  <n id="459">Dauid</n>
  <n id="460">Boyle</n>
  <n id="461">Paul</n>
  <n id="462">Cutbert</n>
  <n id="463">Esmond</n>
  <n id="464">Madison</n>
  <n id="465">Mathye</n>
  <n id="466">Wauter</n>
  <n id="467">Myles</n>
  <n id="468">Gryffen</n>
  <n id="469">Aleyn</n>
  <n id="470">Frederyk</n>
  <n id="471">Denston</n>
  <n id="472">Gared</n>
  <n id="473">Mansel</n>
  <n id="474">Josias</n>
  <n id="475">Ancelot</n>
  <n id="476">Mainfroi</n>
  <n id="477">Morys</n>
  <n id="478">Morgant</n>
  <n id="479">Emanuel</n>
  <n id="480">Roundelph</n>
  <n id="481">Lodwicke</n>
  <n id="482">Lars</n>
  <n id="483">Lennard</n>
  <n id="484">Reinholdt</n>
  <n id="485">Leavold</n>
  <n id="486">Richarde</n>
  <n id="487">Raffe</n>
  <n id="488">Raulin</n>
  <n id="489">Radcliffe</n>
  <n id="490">Lefwyne</n>
  <n id="491">Randall</n>
  <n id="492">Randwulf</n>
  <n id="493">Lambert</n>
  <n id="494">Ladislas</n>
  <n id="495">Reeve</n>
  <n id="496">Ridel</n>
  <n id="497">Littlejohn</n>
  <n id="498">Laurence</n>
  <n id="499">Eustace</n>
  <n id="500">Leopold</n>
  <n id="501">Reginald</n>
  <n id="502">Redwald</n>
  <n id="503">Reynard</n>
  <n id="504">Lloyd</n>
  <n id="505">Lowell</n>
  <n id="506">Rowland</n>
  <n id="507">Roger</n>
  <n id="508">Rauffe</n>
  <n id="509">Robert</n>
  <n id="510">Wystan</n>
  <n id="511">Wineburg</n>
  <n id="512">Alyne</n>
  <n id="513">Adela</n>
  <n id="514">Amelia</n>
  <n id="515">Amice</n>
  <n id="516">Ava</n>
  <n id="517">Adelaide</n>
  <n id="518">Agnys</n>
  <n id="519">Avelin</n>
  <n id="520">Anne</n>
  <n id="521">Annabel</n>
  <n id="522">Amphelice</n>
  <n id="523">Arabella</n>
  <n id="524">Alison</n>
  <n id="525">Alys</n>
  <n id="526">Arlette</n>
  <n id="527">Anys</n>
  <n id="528">Anna</n>
  <n id="529">Ysabel</n>
  <n id="530">Eugenia</n>
  <n id="531">Yedythe</n>
  <n id="532">Isolde</n>
  <n id="533">Avelyn</n>
  <n id="534">Vrsela</n>
  <n id="535">Averil</n>
  <n id="536">Willmott</n>
  <n id="537">Ursula</n>
  <n id="538">Emeline</n>
  <n id="539">Eva</n>
  <n id="540">Esmenet</n>
  <n id="541">Ethelia</n>
  <n id="542">Emilie</n>
  <n id="543">Alianore</n>
  <n id="544">Ellie</n>
  <n id="545">Elyzabeth</n>
  <n id="546">Ele</n>
  <n id="547">Evelyn</n>
  <n id="548">Eleanor</n>
  <n id="549">Elynor</n>
  <n id="550">Elyn</n>
  <n id="551">Audrye</n>
  <n id="552">Aubrey</n>
  <n id="553">Admiranda</n>
  <n id="554">Ophellia</n>
  <n id="555">Aeditha</n>
  <n id="556">Ottilia</n>
  <n id="557">Aelina</n>
  <n id="558">Gethrude</n>
  <n id="559">Katrine</n>
  <n id="560">Carmen</n>
  <n id="561">Alainne</n>
  <n id="562">Kath</n>
  <n id="563">Katherine</n>
  <n id="564">Angelet</n>
  <n id="565">Anthoinette</n>
  <n id="566">Atilda</n>
  <n id="567">Casandra</n>
  <n id="568">Ysmeina</n>
  <n id="569">Ayleth</n>
  <n id="570">Chloe</n>
  <n id="571">Claudia</n>
  <n id="572">Clarimond</n>
  <n id="573">Clemence</n>
  <n id="574">Christabel</n>
  <n id="575">Crestian</n>
  <n id="576">Giselle</n>
  <n id="577">Glenda</n>
  <n id="578">Guinevere</n>
  <n id="579">Gloriana</n>
  <n id="580">Gaynor</n>
  <n id="581">Cwengyth</n>
  <n id="582">Katelyn</n>
  <n id="583">Cornelia</n>
  <n id="584">Cristiana</n>
  <n id="585">Edelinne</n>
  <n id="586">Elaisse</n>
  <n id="587">Elewys</n>
  <n id="588">Collys</n>
  <n id="589">Constance</n>
  <n id="590">Ellerete</n>
  <n id="591">Sarra</n>
  <n id="592">Emeny</n>
  <n id="593">Emeria</n>
  <n id="594">Emery</n>
  <n id="595">Emmet</n>
  <n id="596">Samantha</n>
  <n id="597">Sreda</n>
  <n id="598">Eschina</n>
  <n id="599">Eschiva</n>
  <n id="600">Esdeline</n>
  <n id="601">Estienne</n>
  <n id="602">Estrild</n>
  <n id="603">Germainne</n>
  <n id="604">Eustacia</n>
  <n id="605">Imedia</n>
  <n id="606">Isemeine</n>
  <n id="607">Cicely</n>
  <n id="608">Jaane</n>
  <n id="609">Jessamine</n>
  <n id="610">Jemime</n>
  <n id="611">Ismay</n>
  <n id="612">Jenyfer</n>
  <n id="613">Eilonwy</n>
  <n id="614">Jellion</n>
  <n id="615">Jenet</n>
  <n id="616">Olyffe</n>
  <n id="617">Margeria</n>
  <n id="618">Celestria</n>
  <n id="619">Maisenta</n>
  <n id="620">Emblyn</n>
  <n id="621">Lora</n>
  <n id="622">Jacquette</n>
  <n id="623">Gylda</n>
  <n id="624">Justina</n>
  <n id="625">Isabella</n>
  <n id="626">Edithe</n>
  <n id="627">Kinborow</n>
  <n id="628">Emlinie</n>
  <n id="629">Jeanne</n>
  <n id="630">June</n>
  <n id="631">Julyan</n>
  <n id="632">Juliana</n>
  <n id="633">Joleicia</n>
  <n id="634">Josiane</n>
  <n id="635">Joyse</n>
  <n id="636">Jocelyn</n>
  <n id="637">Josephine</n>
  <n id="638">Josian</n>
  <n id="639">Jocea</n>
  <n id="640">Jolline</n>
  <n id="641">Jillian</n>
  <n id="642">Systeleley</n>
  <n id="643">Sysley</n>
  <n id="644">Sylphie</n>
  <n id="645">Cyndra</n>
  <n id="646">Sybell</n>
  <n id="647">Cenota</n>
  <n id="648">Wulfhilda</n>
  <n id="649">Sanche</n>
  <n id="650">Elsebee</n>
  <n id="651">Scarlet</n>
  <n id="652">Judye</n>
  <n id="653">Caesaria</n>
  <n id="654">Judithe</n>
  <n id="655">Syndony</n>
  <n id="656">Sence</n>
  <n id="657">Serendipity</n>
  <n id="658">Cecilia</n>
  <n id="659">Cecily</n>
  <n id="660">Cynewyn</n>
  <n id="661">Celestine</n>
  <n id="662">Selphina</n>
  <n id="663">Celeste</n>
  <n id="664">Gillian</n>
  <n id="665">Somerhild</n>
  <n id="666">Dametta</n>
  <n id="667">Diamanda</n>
  <n id="668">Leofwen</n>
  <n id="669">Tiphina</n>
  <n id="670">Dyana</n>
  <n id="671">Theda</n>
  <n id="672">Thora</n>
  <n id="673">Dionisia</n>
  <n id="674">Concessa</n>
  <n id="675">Damaris</n>
  <n id="676">Denys</n>
  <n id="677">Temperance</n>
  <n id="678">Tristana</n>
  <n id="679">Brangwine</n>
  <n id="680">Deloys</n>
  <n id="681">Decima</n>
  <n id="682">Theresa</n>
  <n id="683">Thomasine</n>
  <n id="684">Dominy</n>
  <n id="685">Durilda</n>
  <n id="686">Ismenia</n>
  <n id="687">Dorcas</n>
  <n id="688">Thomasyn</n>
  <n id="689">Dorothe</n>
  <n id="690">Nesta</n>
  <n id="691">Bertana</n>
  <n id="692">Rosamund</n>
  <n id="693">Nicia</n>
  <n id="694">Nicholina</n>
  <n id="695">Nicolaa</n>
  <n id="696">Prudence</n>
  <n id="697">Hester</n>
  <n id="698">Paige</n>
  <n id="699">Francisca</n>
  <n id="700">Frances</n>
  <n id="701">Parnella</n>
  <n id="702">Braya</n>
  <n id="703">Meredithe</n>
  <n id="704">Petronilla</n>
  <n id="705">Bathsua</n>
  <n id="706">Tansa</n>
  <n id="707">Baterich</n>
  <n id="708">Purnell</n>
  <n id="709">Helena</n>
  <n id="710">Rianna</n>
  <n id="711">Berte</n>
  <n id="712">Brunhild</n>
  <n id="713">Hilda</n>
  <n id="714">Hildegard</n>
  <n id="715">Felice</n>
  <n id="716">Florens</n>
  <n id="717">Frideswide</n>
  <n id="718">Fridgia</n>
  <n id="719">Bryde</n>
  <n id="720">Pulmia</n>
  <n id="721">Hilith</n>
  <n id="722">Beatrix</n>
  <n id="723">Penelope</n>
  <n id="724">Bess</n>
  <n id="725">Pelinne</n>
  <n id="726">Bellinda</n>
  <n id="727">Helenor</n>
  <n id="728">Wenyld</n>
  <n id="729">Placencia</n>
  <n id="730">Helvynya</n>
  <n id="731">Martine</n>
  <n id="732">Margry</n>
  <n id="733">Mathild</n>
  <n id="734">Maddeline</n>
  <n id="735">Maria</n>
  <n id="736">Maerwynn</n>
  <n id="737">Merewyn</n>
  <n id="738">Margarete</n>
  <n id="739">Malin</n>
  <n id="740">Maronne</n>
  <n id="741">Meryell</n>
  <n id="742">Marsilia</n>
  <n id="743">Millicent</n>
  <n id="744">Minerva</n>
  <n id="745">Mirabelle</n>
  <n id="746">Muriel</n>
  <n id="747">Merilda</n>
  <n id="748">Melodie</n>
  <n id="749">Mydrede</n>
  <n id="750">Murienne</n>
  <n id="751">Morgayne</n>
  <n id="752">Melusine</n>
  <n id="753">Latisha</n>
  <n id="754">Leofwynn</n>
  <n id="755">Lauda</n>
  <n id="756">Richenda</n>
  <n id="757">Wynefreede</n>
  <n id="758">Roysia</n>
  <n id="759">Linette</n>
  <n id="760">Rychyld</n>
  <n id="761">Linyeve</n>
  <n id="762">Letita</n>
  <n id="763">Lettice</n>
  <n id="764">Rebeccah</n>
  <n id="765">Rosa</n>
  <n id="766">Rosalind</n>
  <n id="767">Rose</n>
</Names>
