﻿<?xml version="1.0" encoding="utf-8" ?>
<!--
    Copyright 2007, Joe Davidson <joedavidson@gmail.com>

    This file is part of FFTPatcher.

    FFTPatcher is free software: you can redistribute it and/or modify
    it under the terms of the GNU General Public License as published by
    the Free Software Foundation, either version 3 of the License, or
    (at your option) any later version.

    FFTPatcher is distributed in the hope that it will be useful,
    but WITHOUT ANY WARRANTY; without even the implied warranty of
    MERCHANTABILITY or FITNESS FOR A PARTICULAR PURPOSE.  See the
    GNU General Public License for more details.

    You should have received a copy of the GNU General Public License
    along with FFTPatcher.  If not, see <http://www.gnu.org/licenses/>.
-->
<AbilityFormulas>
  <Ability value="00">Dmg_[Weapon] PE</Ability>
  <Ability value="01">Dmg_[Weapon] PE</Ability>
  <Ability value="02">Dmg_[Weapon] 25% Cast Spell Indexed As Status NS PE</Ability>
  <Ability value="03">Dmg_(WP^2) NS NE</Ability>
  <Ability value="04">Casts Ice, Fire, Bolt 1/2/3 depending on elemental NS NE</Ability>
  <Ability value="05">Dmg_[Weapon] PE</Ability>
  <Ability value="06">AbsorbHP_[Weapon] NS PE</Ability>
  <Ability value="07">Heal_[Weapon] NS NE</Ability>
  <Ability value="08">Dmg_F(MA*Y) ME</Ability>
  <Ability value="09">Dmg_(Y/100)% Hit_F(MA+X)% ME</Ability>
  <Ability value="0A">Hit_F(MA+X)% ME</Ability>
  <Ability value="0B">Hit_F(MA+X)% NE</Ability>
  <Ability value="0C">Heal_F(MA*Y) NE</Ability>
  <Ability value="0D">Heal_(Y)% Hit_F(MA+X)% NE</Ability>
  <Ability value="0E">Dmg_(Y)% Hit_F(MA+X)% 100% Status Hide Status</Ability>
  <Ability value="0F">AbsorbMP_(Y)% Hit_F(MA+X)% NS ME</Ability>
  <Ability value="10">AbsorbHP_(Y)% Hit_F(MA+X)% NS ME</Ability>
  <Ability value="11">(Blank)</Ability>
  <Ability value="12">Set_Quick Hit_F(MA+X)% NS NE</Ability>
  <Ability value="13">(Blank)</Ability>
  <Ability value="14">Set_Golem Hit_CasF/100*(MA+X)% GlmHP(TarMaxHP) NS NE</Ability>
  <Ability value="15">Set_CT00 Hit_F(MA+X)% NS ME</Ability>
  <Ability value="16">DmgMP_(TarCurMP) Hit_F(MA+X)% NS ME</Ability>
  <Ability value="17">Dmg_(TarCurHP-1) Hit_F(MA+X)% NS ME</Ability>
  <Ability value="18">(Blank)</Ability>
  <Ability value="19">(Blank)</Ability>
  <Ability value="1A">Hit_F(MA+Y)% //-PA/MA/SP_(X) NS ME</Ability>
  <Ability value="1B">DmgMP_(MA+Y)% Hit_F(X)% NS ME</Ability>
  <Ability value="1C">Hit_(X)% NS NE</Ability>
  <Ability value="1D">Hit_(X)% NS NE</Ability>
  <Ability value="1E">Dmg_((MA+Y)*MA/2) #Hit(Rdm{1,X}) ME</Ability>
  <Ability value="1F">Dmg_((100-CasF)*(100-TarF)*(MA+Y)*MA/2) #Hit(Rdm{1,X}) ME</Ability>
  <Ability value="20">Dmg_(MA*Y) NS NE //MayDisplay"Broken"</Ability>
  <Ability value="21">DmgMP_(MA*Y) NS NE //MayDisplay"Broken"</Ability>
  <Ability value="22">Hit_(100%) Status NE //MayDisplay"Broken"</Ability>
  <Ability value="23">Heal_(MA*Y) NS NE //MayDisplay"Broken"</Ability>
  <Ability value="24">Dmg_((PA+Y)/2*MA) ME</Ability>
  <Ability value="25">Equipped:Break Hit_(PA+WP+X)% NS PE ELSE WeaponStrike //1TargetOnly NS PE</Ability>
  <Ability value="26">Equipped:Steal Hit_(SP+X)% NS PE ELSE miss</Ability>
  <Ability value="27">StealGil_(CasLVL*SP) Hit_(SP+X)% NS PE</Ability>
  <Ability value="28">StealExp_(Lowest of TarCurExp &amp; SP+Y) Hit_(SP+X)% PE</Ability>
  <Ability value="29">OppositeSex: Hit_(MA+X)% NE ELSE miss</Ability>
  <Ability value="2A">Hit_(MA+X)% //AffectBraveOrFaith(Y) NS NE</Ability>
  <Ability value="2B">Hit_(PA+Y)% //-PA/MA/SP_(X) NS PE</Ability>
  <Ability value="2C">DmgMP_(X)% Hit_(PA+Y)% NS PE</Ability>
  <Ability value="2D">Dmg_(PA*(WP+Y)) PE</Ability>
  <Ability value="2E">Equipped:Break Dmg_(PA*WP) NS PE ELSE miss</Ability>
  <Ability value="2F">AbsorbMP_(PA*WP) NS PE</Ability>
  <Ability value="30">AbsorbHP_(PA*WP) NS PE</Ability>
  <Ability value="31">Dmg_((PA+Y)/2*PA) PE</Ability>
  <Ability value="32">Dmg_(Rdm(1..X)*(PA*3+Y)) NS PE</Ability>
  <Ability value="33">Hit_(PA+X)% Status NE</Ability>
  <Ability value="34">Heal_(PA*Y) HealMP_(PA*Y/2) NS NE</Ability>
  <Ability value="35">Heal_(Y)% Hit_(PA+X)% Status NE</Ability>
  <Ability value="36">+PA_(Y) NS NE</Ability>
  <Ability value="37">Dmg_(Rdm(1..Y)*PA) NS PE</Ability>
  <Ability value="38">Hit_(100%) Status NE</Ability>
  <Ability value="39">+SP_(Y) NS NE</Ability>
  <Ability value="3A">+Brave_(Y) NS NE</Ability>
  <Ability value="3B">+Brave_(X) +PA/MA/SP_(Y) NS NE</Ability>
  <Ability value="3C">Heal_(CasMaxHP*2/5) DmgCas_(CasMaxHP/5) Hit_(100%) NS NE</Ability>
  <Ability value="3D">Hit_(MA+X)% ME</Ability>
  <Ability value="3E">Dmg_(TarCurHP-1) NS NE</Ability>
  <Ability value="3F">Hit_(SP+X)% NE</Ability>
  <Ability value="40">Undead: Hit_(SP+X)% NE ELSE miss</Ability>
  <Ability value="41">Hit_(MA+X)% Status NE</Ability>
  <Ability value="42">Dmg_(PA*Y) DmgCas_(PA*Y/X) NS NE</Ability>
  <Ability value="43">Dmg_(CasMaxHP-CasCurHP) NS NE</Ability>
  <Ability value="44">Dmg_(TarCurMP) NS NE</Ability>
  <Ability value="45">Dmg_(TarMaxHP-TarCurHP) NS NE</Ability>
  <Ability value="46">(Blank)</Ability>
  <Ability value="47">AbsorbHP_(Y)% 100% Status NE</Ability>
  <Ability value="48">Heal_(Z*10) NS NE</Ability>
  <Ability value="49">HealMP_(Z*10) NS NE</Ability>
  <Ability value="4A">Heal_(100)% HealMP_(100)% NS NE</Ability>
  <Ability value="4B">Heal_(Rdm(1..9)) 100% Status NE</Ability>
  <Ability value="4C">Heal_(MA*Y) NS NE</Ability>
  <Ability value="4D">AbsorbHP_(Y)% Hit_(MA+X)% NS PE</Ability>
  <Ability value="4E">Dmg_(MA*Y) NS ME</Ability>
  <Ability value="4F">Dmg_(CasMaxHP-CasCurHP) Hit_(MA+X)% NS PE</Ability>
  <Ability value="50">Hit_(MA+X)% Status PE</Ability>
  <Ability value="51">Hit_(MA+X)% Status NE</Ability>
  <Ability value="52">Dmg_(CasMaxHP-CasCurHP) 100% Add Status CasterInAoE: DmgSelf_(CasCurHP) NS NE</Ability>
  <Ability value="53">Dmg_(Y)% Hit_(MA+X)% Status ME</Ability>
  <Ability value="54">HealMP_(MA*Y) NS NE</Ability>
  <Ability value="55">-PA_(Y) Hit_(MA+X)% NS ME</Ability>
  <Ability value="56">-MA_(Y) Hit_(MA+X)% NS ME</Ability>
  <Ability value="57">+Lvl(1) NS 100% Add Status on Caster NE</Ability>
  <Ability value="58">Generic: Set_Malboro: Hit(MA+X)% //1TargetOnly NE ELSE nothing</Ability>
  <Ability value="59">-Lvl(1) Hit_(MA+X)% NS ME</Ability>
  <Ability value="5A">Dragon: Hit(100)%</Ability>
  <Ability value="5B">Dragon: Heal_(Y)% 100% Add Status NE</Ability>
  <Ability value="5C">Dragon: +Brave_(X) +PA/MA/SP(Y) NS NE</Ability>
  <Ability value="5D">Dragon: Set_Quick NS NE</Ability>
  <Ability value="5E">Dmg_((MA+Y)/2*MA) #Hit_(X+1) Status ME</Ability>
  <Ability value="5F">Dmg_((MA+Y)/2*MA) #Hit_(X+1) Status ME</Ability>
  <Ability value="60">Dmg_((MA+Y)/2*MA) #Hit_(X+1) Status NE</Ability>
  <Ability value="61">-Brave_(Y) Hit_F(MA+X)% NS ME</Ability>
  <Ability value="62">-Brave_(Y) Hit_(MA+X)% NS ME</Ability>
  <Ability value="63">Dmg_(SP*WP) NS PE</Ability>
  <Ability value="64">Dmg_((PA*Brave/100)*MA) NS NE</Ability>
  <Ability value="65" psp="true">&lt;&lt;Sanguine Sword&gt;&gt;</Ability>
  <Ability value="66" psp="true">&lt;&lt;Infernal Strike&gt;&gt;</Ability>
  <Ability value="67" psp="true">&lt;&lt;Crushing Blow&gt;&gt;</Ability>
  <Ability value="68" psp="true">&lt;&lt;Abyssal Blade&gt;&gt;</Ability>
  <Ability value="69" psp="true">&lt;&lt;Unholy Sacrifice&gt;&gt;</Ability>
  <Ability value="6A" psp="true">&lt;&lt;Barrage&gt;&gt;</Ability>
</AbilityFormulas>