﻿<?xml version="1.0" encoding="utf-8" ?>
<!--
    Copyright 2007, Joe Davidson <joedavidson@gmail.com>

    This file is part of FFTPatcher.

    FFTPatcher is free software: you can redistribute it and/or modify
    it under the terms of the GNU General Public License as published by
    the Free Software Foundation, either version 3 of the License, or
    (at your option) any later version.

    FFTPatcher is distributed in the hope that it will be useful,
    but WITHOUT ANY WARRANTY; without even the implied warranty of
    MERCHANTABILITY or FITNESS FOR A PARTICULAR PURPOSE.  See the
    GNU General Public License for more details.

    You should have received a copy of the GNU General Public License
    along with FFTPatcher.  If not, see <http://www.gnu.org/licenses/>.
-->
<Items>
  <!-- This is used by the Items, Abilities, Poaching, ENTD, Move/Find Item,
       and Shop Inventories pages -->
  <Item offset="0" name="&lt;Nothing&gt; "/> <!-- leave trailing space -->
  <Item offset="1" name="Dagger"/>
  <Item offset="2" name="Mythril Knife"/>
  <Item offset="3" name="Blind Knife"/>
  <Item offset="4" name="Mage Masher"/>
  <Item offset="5" name="Platinum Dagger"/>
  <Item offset="6" name="Main Gauche"/>
  <Item offset="7" name="Orichalcum Dirk"/>
  <Item offset="8" name="Assassin's Dagger"/>
  <Item offset="9" name="Air Knife"/>
  <Item offset="10" name="Zwill Straightblade"/>
  <Item offset="11" name="Ninja Blade"/>
  <Item offset="12" name="Kunai"/>
  <Item offset="13" name="Kodachi"/>
  <Item offset="14" name="Ninja Longblade"/>
  <Item offset="15" name="Spellbinder"/>
  <Item offset="16" name="Sasuke's Blade"/>
  <Item offset="17" name="Iga Blade"/>
  <Item offset="18" name="Koga Blade"/>
  <Item offset="19" name="Broadsword"/>
  <Item offset="20" name="Longsword"/>
  <Item offset="21" name="Iron Sword"/>
  <Item offset="22" name="Mythril Sword"/>
  <Item offset="23" name="Blood Sword"/>
  <Item offset="24" name="Coral Sword"/>
  <Item offset="25" name="Ancient Sword"/>
  <Item offset="26" name="Sleep Blade"/>
  <Item offset="27" name="Platinum Sword"/>
  <Item offset="28" name="Diamond Sword"/>
  <Item offset="29" name="Icebrand"/>
  <Item offset="30" name="Runeblade"/>
  <Item offset="31" name="Nagnarok"/>
  <Item offset="32" name="Materia Blade"/>
  <Item offset="33" name="Defender"/>
  <Item offset="34" name="Save the Queen"/>
  <Item offset="35" name="Excalibur"/>
  <Item offset="36" name="Ragnarok"/>
  <Item offset="37" name="Chaos Blade"/>
  <Item offset="38" name="Ashura"/>
  <Item offset="39" name="Kotetsu"/>
  <Item offset="40" name="Osafune"/>
  <Item offset="41" name="Murasame"/>
  <Item offset="42" name="Ama-no-Murakamo"/>
  <Item offset="43" name="Kiyomori"/>
  <Item offset="44" name="Muramasa"/>
  <Item offset="45" name="Kiku-ichimonji"/>
  <Item offset="46" name="Masamune"/>
  <Item offset="47" name="Chirijiraden"/>
  <Item offset="48" name="Battle Axe"/>
  <Item offset="49" name="Giant's Axe"/>
  <Item offset="50" name="Slasher"/>
  <Item offset="51" name="Rod"/>
  <Item offset="52" name="Thunder Rod"/>
  <Item offset="53" name="Flame Rod"/>
  <Item offset="54" name="Ice Rod"/>
  <Item offset="55" name="Poison Rod"/>
  <Item offset="56" name="Wizard's Rod"/>
  <Item offset="57" name="Dragon Rod"/>
  <Item offset="58" name="Rod of Faith"/>
  <Item offset="59" name="Oak Staff"/>
  <Item offset="60" name="White Staff"/>
  <Item offset="61" name="Healing Staff"/>
  <Item offset="62" name="Serpent Staff"/>
  <Item offset="63" name="Mage's Staff"/>
  <Item offset="64" name="Golden Staff"/>
  <Item offset="65" name="Zeus Mace"/>
  <Item offset="66" name="Staff of the Magi"/>
  <Item offset="67" name="Iron Flail"/>
  <Item offset="68" name="Flame Mace"/>
  <Item offset="69" name="Morning Star"/>
  <Item offset="70" name="Scorpion Tail"/>
  <Item offset="71" name="Romandan Pistol"/>
  <Item offset="72" name="Mythril Gun"/>
  <Item offset="73" name="Stoneshooter"/>
  <Item offset="74" name="Glacial Gun"/>
  <Item offset="75" name="Blaze Gun"/>
  <Item offset="76" name="Blaster"/>
  <Item offset="77" name="Bowgun"/>
  <Item offset="78" name="Knightslayer"/>
  <Item offset="79" name="Crossbow"/>
  <Item offset="80" name="Poison Bow"/>
  <Item offset="81" name="Hunting Bow"/>
  <Item offset="82" name="Gastrophetes"/>
  <Item offset="83" name="Longbow"/>
  <Item offset="84" name="Silver Bow"/>
  <Item offset="85" name="Ice Bow"/>
  <Item offset="86" name="Lightning Bow"/>
  <Item offset="87" name="Windslash Bow"/>
  <Item offset="88" name="Mythril Bow"/>
  <Item offset="89" name="Artemis Bow"/>
  <Item offset="90" name="Yoichi Bow"/>
  <Item offset="91" name="Perseus Bow"/>
  <Item offset="92" name="Lamia's Harp"/>
  <Item offset="93" name="Bloodstring Harp"/>
  <Item offset="94" name="Faerie Harp"/>
  <Item offset="95" name="Battle Folio"/>
  <Item offset="96" name="Bestiary"/>
  <Item offset="97" name="Papyrus Codex"/>
  <Item offset="98" name="Omnilex"/>
  <Item offset="99" name="Javelin"/>
  <Item offset="100" name="Spear"/>
  <Item offset="101" name="Mythril Spear"/>
  <Item offset="102" name="Partisan"/>
  <Item offset="103" name="Obelisk"/>
  <Item offset="104" name="Holy Lance"/>
  <Item offset="105" name="Dragon Whisker"/>
  <Item offset="106" name="Javelin (Strong)"/>
  <Item offset="107" name="Cypress Pole"/>
  <Item offset="108" name="Battle Bamboo"/>
  <Item offset="109" name="Musk Pole"/>
  <Item offset="110" name="Iron Fan"/>
  <Item offset="111" name="Gokuu Pole"/>
  <Item offset="112" name="Ivory Pole"/>
  <Item offset="113" name="Eight-fluted Pole"/>
  <Item offset="114" name="Whale Whisker"/>
  <Item offset="115" name="Croakadile Bag"/>
  <Item offset="116" name="Fallingstar Bag"/>
  <Item offset="117" name="Pantherskin Bag"/>
  <Item offset="118" name="Hydrascale Bag"/>
  <Item offset="119" name="Damask Cloth"/>
  <Item offset="120" name="Cashmere"/>
  <Item offset="121" name="Wyrmweave Silk"/>
  <Item offset="122" name="Shuriken"/>
  <Item offset="123" name="Fuma Shuriken"/>
  <Item offset="124" name="Yagyu Darkrood"/>
  <Item offset="125" name="Flameburst Bomb"/>
  <Item offset="126" name="Snowmelt Bomb"/>
  <Item offset="127" name="Spark Bomb"/>
  <Item offset="128" name="Escutcheon (weak)"/>
  <Item offset="129" name="Buckler"/>
  <Item offset="130" name="Bronze Shield"/>
  <Item offset="131" name="Round Shield"/>
  <Item offset="132" name="Mythril Shield"/>
  <Item offset="133" name="Golden Shield"/>
  <Item offset="134" name="Ice Shield"/>
  <Item offset="135" name="Flame Shield"/>
  <Item offset="136" name="Aegis Shield"/>
  <Item offset="137" name="Diamond Shield"/>
  <Item offset="138" name="Platinum Shield"/>
  <Item offset="139" name="Crystal Shield"/>
  <Item offset="140" name="Genji Shield"/>
  <Item offset="141" name="Kaiser Shield"/>
  <Item offset="142" name="Venetian Shield"/>
  <Item offset="143" name="Escutcheon (strong)"/>
  <Item offset="144" name="Leather Helm"/>
  <Item offset="145" name="Bronze Helm"/>
  <Item offset="146" name="Iron Helm"/>
  <Item offset="147" name="Barbut"/>
  <Item offset="148" name="Mythril Helm"/>
  <Item offset="149" name="Golden Helm"/>
  <Item offset="150" name="Close Helmet"/>
  <Item offset="151" name="Diamond Helm"/>
  <Item offset="152" name="Platinum Helm"/>
  <Item offset="153" name="Circlet"/>
  <Item offset="154" name="Crystal Helm"/>
  <Item offset="155" name="Genji Helm"/>
  <Item offset="156" name="Grand Helm"/>
  <Item offset="157" name="Leather Cap"/>
  <Item offset="158" name="Plumed Hat"/>
  <Item offset="159" name="Red Hood"/>
  <Item offset="160" name="Headgear"/>
  <Item offset="161" name="Wizard's Hat"/>
  <Item offset="162" name="Green Beret"/>
  <Item offset="163" name="Headband"/>
  <Item offset="164" name="Celebrant's Miter"/>
  <Item offset="165" name="Black Cowl"/>
  <Item offset="166" name="Gold Hairpin"/>
  <Item offset="167" name="Lambent Hat"/>
  <Item offset="168" name="Thief's Cap"/>
  <Item offset="169" name="Cachusha"/>
  <Item offset="170" name="Barette"/>
  <Item offset="171" name="Ribbon"/>
  <Item offset="172" name="Leather Armor"/>
  <Item offset="173" name="Linen Cuirass"/>
  <Item offset="174" name="Bronze Armor"/>
  <Item offset="175" name="Chainmail"/>
  <Item offset="176" name="Mythril Armor"/>
  <Item offset="177" name="Plate Mail"/>
  <Item offset="178" name="Golden Armor"/>
  <Item offset="179" name="Diamond Armor"/>
  <Item offset="180" name="Platinum Armor"/>
  <Item offset="181" name="Carabiner Mail"/>
  <Item offset="182" name="Crystal Mail"/>
  <Item offset="183" name="Genji Armor"/>
  <Item offset="184" name="Mirror Mail"/>
  <Item offset="185" name="Maximillian"/>
  <Item offset="186" name="Clothing"/>
  <Item offset="187" name="Leather Clothing"/>
  <Item offset="188" name="Leather Plate"/>
  <Item offset="189" name="Ringmail"/>
  <Item offset="190" name="Mythril Vest"/>
  <Item offset="191" name="Adamant Vest"/>
  <Item offset="192" name="Wizard Clothing"/>
  <Item offset="193" name="Brigandine"/>
  <Item offset="194" name="Jujitsu Gi"/>
  <Item offset="195" name="Power Garb"/>
  <Item offset="196" name="Gaia Gear"/>
  <Item offset="197" name="Ninja Gear"/>
  <Item offset="198" name="Black Garb"/>
  <Item offset="199" name="Rubber Suit"/>
  <Item offset="200" name="Hempen Robe"/>
  <Item offset="201" name="Silken Robe"/>
  <Item offset="202" name="Wizard's Robe"/>
  <Item offset="203" name="Chameleon Robe"/>
  <Item offset="204" name="White Robe"/>
  <Item offset="205" name="Black Robe"/>
  <Item offset="206" name="Luminous Robe"/>
  <Item offset="207" name="Lordly Robe"/>
  <Item offset="208" name="Battle Boots"/>
  <Item offset="209" name="Spiked Boots"/>
  <Item offset="210" name="Germinas Boots"/>
  <Item offset="211" name="Rubber Boots"/>
  <Item offset="212" name="Winged Boots"/>
  <Item offset="213" name="Hermes Shoes"/>
  <Item offset="214" name="Red Shoes"/>
  <Item offset="215" name="Power Gauntlet"/>
  <Item offset="216" name="Genji Glove"/>
  <Item offset="217" name="Magepower Glove"/>
  <Item offset="218" name="Bracer"/>
  <Item offset="219" name="Reflect Ring"/>
  <Item offset="220" name="Protect Ring"/>
  <Item offset="221" name="Magick Ring"/>
  <Item offset="222" name="Cursed Ring"/>
  <Item offset="223" name="Angel Ring"/>
  <Item offset="224" name="Diamond Bracelet"/>
  <Item offset="225" name="Jade Armlet"/>
  <Item offset="226" name="Japa Mala"/>
  <Item offset="227" name="Nu Khai Armband"/>
  <Item offset="228" name="Guardian Bracelet"/>
  <Item offset="229" name="Shoulder Cape"/>
  <Item offset="230" name="Leather Cloak"/>
  <Item offset="231" name="Mage's Cloak"/>
  <Item offset="232" name="Elven Cloak"/>
  <Item offset="233" name="Vampire Cape"/>
  <Item offset="234" name="Featherweave Cape"/>
  <Item offset="235" name="Invisibility Cloak"/>
  <Item offset="236" name="Chantage"/>
  <Item offset="237" name="Cherche"/>
  <Item offset="238" name="Septième"/>
  <Item offset="239" name="Sortilége"/>
  <Item offset="240" name="Potion"/>
  <Item offset="241" name="Hi-Potion"/>
  <Item offset="242" name="X-Potion"/>
  <Item offset="243" name="Ether"/>
  <Item offset="244" name="Hi-Ether"/>
  <Item offset="245" name="Elixir"/>
  <Item offset="246" name="Antidote"/>
  <Item offset="247" name="Eye Drops"/>
  <Item offset="248" name="Echo Herbs"/>
  <Item offset="249" name="Maiden's Kiss"/>
  <Item offset="250" name="Gold Needle"/>
  <Item offset="251" name="Holy Water"/>
  <Item offset="252" name="Remedy"/>
  <Item offset="253" name="Phoenix Down"/>
  <Item offset="254" name="&lt;Nothing&gt;  "/> <!-- leave trailing space -->
  <Item offset="255" name="&lt;Nothing&gt;   "/> <!-- leave trailing space -->
  <Item offset="256" name="Chaosbringer"/>
  <Item offset="257" name="Deathbringer"/>
  <Item offset="258" name="Arondight"/>
  <Item offset="259" name="Balmung"/>
  <Item offset="260" name="Valhalla"/>
  <Item offset="261" name="Moonblade"/>
  <Item offset="262" name="Onion Sword"/>
  <Item offset="263" name="Ras Algethi"/>
  <Item offset="264" name="Fomalhaut"/>
  <Item offset="265" name="Francisca"/>
  <Item offset="266" name="Golden Axe"/>
  <Item offset="267" name="Orochi"/>
  <Item offset="268" name="Moonsilk Blade"/>
  <Item offset="269" name="Nirvana"/>
  <Item offset="270" name="Dreamwaker"/>
  <Item offset="271" name="Stardust Rod"/>
  <Item offset="272" name="Crown Scepter"/>
  <Item offset="273" name="Vesper"/>
  <Item offset="274" name="Sagittarius Bow"/>
  <Item offset="275" name="Durandal"/>
  <Item offset="276" name="Gae Bolg"/>
  <Item offset="277" name="Gungnir"/>
  <Item offset="278" name="Item 278"/>
  <Item offset="279" name="Item 279"/>
  <Item offset="280" name="Item 280"/>
  <Item offset="281" name="Item 281"/>
  <Item offset="282" name="Item 282"/>
  <Item offset="283" name="Item 283"/>
  <Item offset="284" name="Item 284"/>
  <Item offset="285" name="Item 285"/>
  <Item offset="286" name="Item 286"/>
  <Item offset="287" name="Item 287"/>
  <Item offset="288" name="Onion Shield"/>
  <Item offset="289" name="Reverie Shield"/>
  <Item offset="290" name="Item 290"/>
  <Item offset="291" name="Item 291"/>
  <Item offset="292" name="Vanguard Helm"/>
  <Item offset="293" name="Onion Helm"/>
  <Item offset="294" name="Acacia Hat"/>
  <Item offset="295" name="Brass Coronet"/>
  <Item offset="296" name="Item 296"/>
  <Item offset="297" name="Item 297"/>
  <Item offset="298" name="Item 298"/>
  <Item offset="299" name="Item 299"/>
  <Item offset="300" name="Grand Armor"/>
  <Item offset="301" name="Onion Armor"/>
  <Item offset="302" name="Minerva Bustier"/>
  <Item offset="303" name="Mirage Vest"/>
  <Item offset="304" name="Brave Suit"/>
  <Item offset="305" name="Sage's Robe"/>
  <Item offset="306" name="Item 306"/>
  <Item offset="307" name="Item 307"/>
  <Item offset="308" name="Gaius Caligae"/>
  <Item offset="309" name="Brigand's Gloves"/>
  <Item offset="310" name="Onion Gloves"/>
  <Item offset="311" name="Empyreal Armband"/>
  <Item offset="312" name="Tynar Rouge"/>
  <Item offset="313" name="Sage's Ring"/>
  <Item offset="314" name="Item 314"/>
  <Item offset="315" name="Item 315"/>
</Items>