﻿<?xml version="1.0" encoding="utf-8" ?>
<!--
    Copyright 2007, Joe Davidson <joedavidson@gmail.com>

    This file is part of FFTPatcher.

    FFTPatcher is free software: you can redistribute it and/or modify
    it under the terms of the GNU General Public License as published by
    the Free Software Foundation, either version 3 of the License, or
    (at your option) any later version.

    FFTPatcher is distributed in the hope that it will be useful,
    but WITHOUT ANY WARRANTY; without even the implied warranty of
    MERCHANTABILITY or FITNESS FOR A PARTICULAR PURPOSE.  See the
    GNU General Public License for more details.

    You should have received a copy of the GNU General Public License
    along with FFTPatcher.  If not, see <http://www.gnu.org/licenses/>.
-->
<Attributes>

  <Attribute value="01" item="Runeblade"/>
  <Attribute value="02" item="Save the Queen"/>
  <Attribute value="03" item="Excalibur"/>
  <Attribute value="04" item="Ragnarok"/>
  <Attribute value="05" item="Chaos Blade"/>
  <Attribute value="06" item="Thunder Rod"/>
  <Attribute value="07" item="Flame Rod"/>
  <Attribute value="08" item="Ice Rod"/>
  <Attribute value="09" item="Wizard's Rod"/>
  <Attribute value="0A" item="Mage's Staff"/>
  <Attribute value="0B" item="Zeus Mace"/>
  <Attribute value="0C" item="Croakadile Bag"/>
  <Attribute value="0D" item="Pantherskin Bag"/>
  <Attribute value="0E" item="Hydrascale Bag"/>
  <Attribute value="0F" item="Ice Shield"/>
  <Attribute value="10" item="Flame Shield"/>
  <Attribute value="11" item="Aegis Shield"/>
  <Attribute value="12" item="Kaiser Shield"/>
  <Attribute value="13" item="Venetian Shield"/>
  <Attribute value="14" item="Grand Helm"/>
  <Attribute value="15" item="Headgear"/>
  <Attribute value="16" item="Wizard's Hat"/>
  <Attribute value="17" item="Green Beret"/>
  <Attribute value="18" item="Headband"/>
  <Attribute value="19" item="Celebrant's Miter"/>
  <Attribute value="1A" item="Gold Hairpin"/>
  <Attribute value="1B" item="Lambent Hat"/>
  <Attribute value="1C" item="Thief's Cap"/>
  <Attribute value="1D" item="Mirror Mail"/>
  <Attribute value="1E" item="Jujitsu Gi"/>
  <Attribute value="1F" item="Power Garb"/>
  <Attribute value="20" item="Gaia Gear"/>
  <Attribute value="21" item="Ninja Gear"/>
  <Attribute value="22" item="Black Garb"/>
  <Attribute value="23" item="Rubber Suit"/>
  <Attribute value="24" item="Wizard's Robe"/>
  <Attribute value="25" item="Chameleon Robe"/>
  <Attribute value="26" item="White Robe"/>
  <Attribute value="27" item="Black Robe"/>
  <Attribute value="28" item="Luminous Robe"/>
  <Attribute value="29" item="Lordly Robe"/>
  <Attribute value="2A" item="Battle Boots"/>
  <Attribute value="2B" item="Spiked Boots"/>
  <Attribute value="2C" item="Germinas Boots"/>
  <Attribute value="2D" item="Rubber Boots"/>
  <Attribute value="2E" item="Winged Boots"/>
  <Attribute value="2F" item="Hermes Shoes"/>
  <Attribute value="30" item="Red Shoes"/>
  <Attribute value="31" item="Power Gauntlet"/>
  <Attribute value="32" item="Genji Glove"/>
  <Attribute value="33" item="Magepower Glove"/>
  <Attribute value="34" item="Bracer"/>
  <Attribute value="35" item="Reflect Ring"/>
  <Attribute value="36" item="Protect Ring"/>
  <Attribute value="37" item="Magick Ring"/>
  <Attribute value="38" item="Cursed Ring"/>
  <Attribute value="39" item="Angel Ring"/>
  <Attribute value="3A" item="Diamond Bracelet"/>
  <Attribute value="3B" item="Jade Armlet"/>
  <Attribute value="3C" item="Japa Mala"/>
  <Attribute value="3D" item="Nu Khai Armband"/>
  <Attribute value="3E" item="Guardian Bracelet"/>
  <Attribute value="3F" item="Mage's Cloak"/>
  <Attribute value="40" item="Invisibility Cloak"/>
  <Attribute value="41" item="Chantage"/>
  <Attribute value="42" item="Cherche"/>
  <Attribute value="43" item="Septième"/>
  <Attribute value="44" item="Sortilége"/>
  <Attribute value="45" item="Cachusha"/>
  <Attribute value="46" item="Barette"/>
  <Attribute value="47" item="Ribbon"/>
  <Attribute value="48" item="Stoneshooter"/>
  <Attribute value="49" item="Rod of Faith"/>

  <Attribute value="50" item="Moonblade"/>
  <Attribute value="51" item="Nirvana"/>
  <Attribute value="52" item="Dreamwaker"/>
  <Attribute value="53" item="Stardust Rod"/>
  <Attribute value="54" item="Crown Scepter"/>
  <Attribute value="55" item="Durandal"/>
  <Attribute value="56" item="Reverie Shield"/>
  <Attribute value="57" item="Acacia Hat"/>
  <Attribute value="58" item="Brass Coronet"/>
  <Attribute value="59" item="Grand Armor"/>
  <Attribute value="5A" item="Onion Armor"/>
  <Attribute value="5B" item="Minerva Bustier"/>
  <Attribute value="5C" item="Mirage Vest"/>
  <Attribute value="5D" item="Brave Suit"/>
  <Attribute value="5E" item="Sage's Robe"/>
  <Attribute value="5F" item="Gaius Caligae"/>
  <Attribute value="60" item="Brigand's Gloves"/>
  <Attribute value="61" item="Onion Gloves"/>
  <Attribute value="62" item="Empyreal Armband"/>
  <Attribute value="63" item="Tynar Rouge"/>
  <Attribute value="64" item="Sage's Ring"/>
</Attributes>
