﻿<?xml version="1.0" encoding="utf-8" ?>
<!--
    Copyright 2007, Joe Davidson <joedavidson@gmail.com>

    This file is part of FFTPatcher.

    FFTPatcher is free software: you can redistribute it and/or modify
    it under the terms of the GNU General Public License as published by
    the Free Software Foundation, either version 3 of the License, or
    (at your option) any later version.

    FFTPatcher is distributed in the hope that it will be useful,
    but WITHOUT ANY WARRANTY; without even the implied warranty of
    MERCHANTABILITY or FITNESS FOR A PARTICULAR PURPOSE.  See the
    GNU General Public License for more details.

    You should have received a copy of the GNU General Public License
    along with FFTPatcher.  If not, see <http://www.gnu.org/licenses/>.
-->
<ItemStrings>
  <ItemSubTypes>
    <!-- This list is used by the Items and Jobs pages -->
    <string value="0" name="Nothing"/>
    <string value="1" name="Knife"/>
    <string value="2" name="Ninja Blade"/>
    <string value="3" name="Sword"/>
    <string value="4" name="Knight's Sword"/>
    <string value="5" name="Katana"/>
    <string value="6" name="Axe"/>
    <string value="7" name="Rod"/>
    <string value="8" name="Staff"/>
    <string value="9" name="Flail"/>
    <string value="10" name="Gun"/>
    <string value="11" name="Crossbow"/>
    <string value="12" name="Bow"/>
    <string value="13" name="Instrument"/>
    <string value="14" name="Book"/>
    <string value="15" name="Polearm"/>
    <string value="16" name="Pole"/>
    <string value="17" name="Bag"/>
    <string value="18" name="Cloth"/>
    <string value="19" name="Shield"/>
    <string value="20" name="Helmet"/>
    <string value="21" name="Hat"/>
    <string value="22" name="Hair Adornment"/>
    <string value="23" name="Armor"/>
    <string value="24" name="Clothing"/>
    <string value="25" name="Robe"/>
    <string value="26" name="Shoes"/>
    <string value="27" name="Armguard"/>
    <string value="28" name="Ring"/>
    <string value="29" name="Armlet"/>
    <string value="30" name="Cloak"/>
    <string value="31" name="Perfume"/>
    <string value="32" name="Throwing"/>
    <string value="33" name="Bomb"/>
    <string value="34" name="Chemist Item"/>
    <string value="35" name="Fell Sword"/>
    <string value="36" name="Lip Rouge"/>
  </ItemSubTypes>
  <ShopAvailabilities>
    <!-- This list is used by the Items page -->
    <string value="0" name="&lt;Blank&gt;"/>
    <string value="1" name="Chapter 1 - Start"/>
    <string value="2" name="Chapter 1 - Enter Eagrose"/>
    <string value="3" name="Chapter 1 - Save Elmdore"/>
    <string value="4" name="Chapter 1 - Kill Milleuda"/>
    <string value="5" name="Chapter 2 - Start"/>
    <string value="6" name="Chapter 2 - Save Ovelia"/>
    <string value="7" name="Chapter 2 - Meet Delacroix"/>
    <string value="8" name="Chapter 2 - Save Agrias"/>
    <string value="9" name="Chapter 3 - Start"/>
    <string value="10" name="Chapter 3 - Zalmour"/>
    <string value="11" name="Chapter 3 - Meet Belias"/>
    <string value="12" name="Chapter 3 - Save Rapha"/>
    <string value="13" name="Chapter 4 - Start"/>
    <string value="14" name="Chapter 4 - Bethla"/>
    <string value="15" name="Chapter 4 - Kill Elmdore"/>
    <string value="16" name="Chapter 4 - Kill Zalbaag"/>
    <string value="17" name="&lt;Blank&gt;"/>
    <string value="18" name="&lt;Blank&gt;"/>
    <string value="19" name="&lt;Blank&gt;"/>
    <string value="20" name="&lt;Blank&gt;"/>
  </ShopAvailabilities>
</ItemStrings>