﻿<?xml version="1.0" encoding="utf-8" ?>
<!--
    Copyright 2007, Joe Davidson <joedavidson@gmail.com>

    This file is part of FFTPatcher.

    FFTPatcher is free software: you can redistribute it and/or modify
    it under the terms of the GNU General Public License as published by
    the Free Software Foundation, either version 3 of the License, or
    (at your option) any later version.

    FFTPatcher is distributed in the hope that it will be useful,
    but WITHOUT ANY WARRANTY; without even the implied warranty of
    MERCHANTABILITY or FITNESS FOR A PARTICULAR PURPOSE.  See the
    GNU General Public License for more details.

    You should have received a copy of the GNU General Public License
    along with FFTPatcher.  If not, see <http://www.gnu.org/licenses/>.
-->
<Items>
  <Item offset="0" name="&lt;Nothing&gt; "/> <!-- leave trailing space -->
  <Item offset="1" name="Dagger"/>
  <Item offset="2" name="Mythril Knife"/>
  <Item offset="3" name="Blind Knife"/>
  <Item offset="4" name="Mage Masher"/>
  <Item offset="5" name="Platina Dagger"/>
  <Item offset="6" name="Main Gauche"/>
  <Item offset="7" name="Orichalcum"/>
  <Item offset="8" name="Assassin Dagger"/>
  <Item offset="9" name="Air Knife"/>
  <Item offset="10" name="Zorlin Shape"/>
  <Item offset="11" name="Hidden Knife"/>
  <Item offset="12" name="Ninja Knife"/>
  <Item offset="13" name="Short Edge"/>
  <Item offset="14" name="Ninja Edge"/>
  <Item offset="15" name="Spell Edge"/>
  <Item offset="16" name="Sasuke Knife"/>
  <Item offset="17" name="Iga Knife"/>
  <Item offset="18" name="Koga Knife"/>
  <Item offset="19" name="Broad Sword"/>
  <Item offset="20" name="Long Sword"/>
  <Item offset="21" name="Iron Sword"/>
  <Item offset="22" name="Mythril Sword"/>
  <Item offset="23" name="Blood Sword"/>
  <Item offset="24" name="Coral Sword"/>
  <Item offset="25" name="Ancient Sword"/>
  <Item offset="26" name="Sleep Sword"/>
  <Item offset="27" name="Platinum Sword"/>
  <Item offset="28" name="Diamond Sword"/>
  <Item offset="29" name="Ice Brand"/>
  <Item offset="30" name="Rune Blade"/>
  <Item offset="31" name="Nagrarock"/>
  <Item offset="32" name="Materia Blade"/>
  <Item offset="33" name="Defender"/>
  <Item offset="34" name="Save the Queen"/>
  <Item offset="35" name="Excalibur"/>
  <Item offset="36" name="Ragnarok"/>
  <Item offset="37" name="Chaos Blade"/>
  <Item offset="38" name="Asura Knife"/>
  <Item offset="39" name="Koutetsu Knife"/>
  <Item offset="40" name="Bizen Boat"/>
  <Item offset="41" name="Murasame"/>
  <Item offset="42" name="Heaven's Cloud"/>
  <Item offset="43" name="Kiyomori"/>
  <Item offset="44" name="Muramasa"/>
  <Item offset="45" name="Kikuichimoji"/>
  <Item offset="46" name="Masamune"/>
  <Item offset="47" name="Chirijiraden"/>
  <Item offset="48" name="Battle Axe"/>
  <Item offset="49" name="Giant Axe"/>
  <Item offset="50" name="Slasher"/>
  <Item offset="51" name="Rod"/>
  <Item offset="52" name="Thunder Rod"/>
  <Item offset="53" name="Flame Rod"/>
  <Item offset="54" name="Ice Rod"/>
  <Item offset="55" name="Poison Rod"/>
  <Item offset="56" name="Wizard Rod"/>
  <Item offset="57" name="Dragon Rod"/>
  <Item offset="58" name="Faith Rod"/>
  <Item offset="59" name="Oak Staff"/>
  <Item offset="60" name="White Staff"/>
  <Item offset="61" name="Healing Staff"/>
  <Item offset="62" name="Rainbow Staff"/>
  <Item offset="63" name="Wizard Staff"/>
  <Item offset="64" name="Gold Staff"/>
  <Item offset="65" name="Mace of Zeus"/>
  <Item offset="66" name="Sage Staff"/>
  <Item offset="67" name="Flail"/>
  <Item offset="68" name="Flame Whip"/>
  <Item offset="69" name="Morning Star"/>
  <Item offset="70" name="Scorpion Tail"/>
  <Item offset="71" name="Romanda Gun"/>
  <Item offset="72" name="Mythril Gun"/>
  <Item offset="73" name="Stone Gun"/>
  <Item offset="74" name="Blaze Gun"/>
  <Item offset="75" name="Glacier Gun"/>
  <Item offset="76" name="Blast Gun"/>
  <Item offset="77" name="Bow Gun"/>
  <Item offset="78" name="Night Killer"/>
  <Item offset="79" name="Cross Bow"/>
  <Item offset="80" name="Poison Bow"/>
  <Item offset="81" name="Hunting Bow"/>
  <Item offset="82" name="Gastrafitis"/>
  <Item offset="83" name="Long Bow"/>
  <Item offset="84" name="Silver Bow"/>
  <Item offset="85" name="Ice Bow"/>
  <Item offset="86" name="Lightning Bow"/>
  <Item offset="87" name="Windslash Bow"/>
  <Item offset="88" name="Mythril Bow"/>
  <Item offset="89" name="Ultimus Bow"/>
  <Item offset="90" name="Yoichi Bow"/>
  <Item offset="91" name="Perseus Bow"/>
  <Item offset="92" name="Ramia Harp"/>
  <Item offset="93" name="Bloody Strings"/>
  <Item offset="94" name="Fairy Harp"/>
  <Item offset="95" name="Battle Dict"/>
  <Item offset="96" name="Monster Dict"/>
  <Item offset="97" name="Papyrus Plate"/>
  <Item offset="98" name="Madlemgen"/>
  <Item offset="99" name="Javelin "/> <!-- leave trailing space -->
  <Item offset="100" name="Spear"/>
  <Item offset="101" name="Mythril Spear"/>
  <Item offset="102" name="Partisan"/>
  <Item offset="103" name="Oberisk"/>
  <Item offset="104" name="Holy Lance"/>
  <Item offset="105" name="Dragon Whisker"/>
  <Item offset="106" name="Javelin  "/> <!-- leave trailing space -->
  <Item offset="107" name="Cypress Rod"/>
  <Item offset="108" name="Battle Bamboo"/>
  <Item offset="109" name="Musk Rod"/>
  <Item offset="110" name="Iron Fan"/>
  <Item offset="111" name="Gokuu Rod"/>
  <Item offset="112" name="Ivory Rod"/>
  <Item offset="113" name="Octagon Rod"/>
  <Item offset="114" name="Whale Whisker"/>
  <Item offset="115" name="C Bag"/>
  <Item offset="116" name="FS Bag"/>
  <Item offset="117" name="P Bag"/>
  <Item offset="118" name="H Bag"/>
  <Item offset="119" name="Persia"/>
  <Item offset="120" name="Cashmere"/>
  <Item offset="121" name="Ryozan Silk"/>
  <Item offset="122" name="Shuriken"/>
  <Item offset="123" name="Magic Shuriken"/>
  <Item offset="124" name="Yagyu Darkness"/>
  <Item offset="125" name="Fire Ball"/>
  <Item offset="126" name="Water Ball"/>
  <Item offset="127" name="Lightning Ball"/>
  <Item offset="128" name="Escutcheon "/> <!-- leave trailing space -->
  <Item offset="129" name="Buckler"/>
  <Item offset="130" name="Bronze Shield"/>
  <Item offset="131" name="Round Shield"/>
  <Item offset="132" name="Mythril Shield"/>
  <Item offset="133" name="Gold Shield"/>
  <Item offset="134" name="Ice Shield"/>
  <Item offset="135" name="Flame Shield"/>
  <Item offset="136" name="Aegis Shield"/>
  <Item offset="137" name="Diamond Shield"/>
  <Item offset="138" name="Platina Shield"/>
  <Item offset="139" name="Crystal Shield"/>
  <Item offset="140" name="Genji Shield"/>
  <Item offset="141" name="Kaiser Plate"/>
  <Item offset="142" name="Venetian Shield"/>
  <Item offset="143" name="Escutcheon  "/> <!-- leave trailing space -->
  <Item offset="144" name="Leather Helmet"/>
  <Item offset="145" name="Bronze Helmet"/>
  <Item offset="146" name="Iron Helmet"/>
  <Item offset="147" name="Barbuta"/>
  <Item offset="148" name="Mythril Helmet"/>
  <Item offset="149" name="Gold Helmet"/>
  <Item offset="150" name="Cross Helmet"/>
  <Item offset="151" name="Diamond Helmet"/>
  <Item offset="152" name="Platina Helmet"/>
  <Item offset="153" name="Circlet"/>
  <Item offset="154" name="Crystal Helmet"/>
  <Item offset="155" name="Genji Helmet"/>
  <Item offset="156" name="Grand Helmet"/>
  <Item offset="157" name="Leather Hat"/>
  <Item offset="158" name="Feather Hat"/>
  <Item offset="159" name="Red Hood"/>
  <Item offset="160" name="Headgear"/>
  <Item offset="161" name="Triangle Hat"/>
  <Item offset="162" name="Green Beret"/>
  <Item offset="163" name="Twist Headband"/>
  <Item offset="164" name="Holy Miter"/>
  <Item offset="165" name="Black Hood"/>
  <Item offset="166" name="Golden Hairpin"/>
  <Item offset="167" name="Flash Hat"/>
  <Item offset="168" name="Thief Hat"/>
  <Item offset="169" name="Cachusha"/>
  <Item offset="170" name="Barette"/>
  <Item offset="171" name="Ribbon"/>
  <Item offset="172" name="Leather Armor"/>
  <Item offset="173" name="Linen Cuirass"/>
  <Item offset="174" name="Bronze Armor"/>
  <Item offset="175" name="Chain Mail"/>
  <Item offset="176" name="Mythril Armor"/>
  <Item offset="177" name="Plate Mail"/>
  <Item offset="178" name="Gold Armor"/>
  <Item offset="179" name="Diamond Armor"/>
  <Item offset="180" name="Platina Armor"/>
  <Item offset="181" name="Carabini Mail"/>
  <Item offset="182" name="Crystal Mail"/>
  <Item offset="183" name="Genji Armor"/>
  <Item offset="184" name="Reflect Mail"/>
  <Item offset="185" name="Maximillian"/>
  <Item offset="186" name="Clothes"/>
  <Item offset="187" name="Leather Outfit"/>
  <Item offset="188" name="Leather Vest"/>
  <Item offset="189" name="Chain Vest"/>
  <Item offset="190" name="Mythril Vest"/>
  <Item offset="191" name="Adaman Vest"/>
  <Item offset="192" name="Wizard Outfit"/>
  <Item offset="193" name="Brigandine"/>
  <Item offset="194" name="Judo Outfit"/>
  <Item offset="195" name="Power Sleeve"/>
  <Item offset="196" name="Earth Clothes"/>
  <Item offset="197" name="Secret Clothes"/>
  <Item offset="198" name="Black Costume"/>
  <Item offset="199" name="Rubber Costume"/>
  <Item offset="200" name="Linen Robe"/>
  <Item offset="201" name="Silk Robe"/>
  <Item offset="202" name="Wizard Robe"/>
  <Item offset="203" name="Chameleon Robe"/>
  <Item offset="204" name="White Robe"/>
  <Item offset="205" name="Black Robe"/>
  <Item offset="206" name="Light Robe"/>
  <Item offset="207" name="Robe of Lords"/>
  <Item offset="208" name="Battle Boots"/>
  <Item offset="209" name="Spike Shoes"/>
  <Item offset="210" name="Germinas Boots"/>
  <Item offset="211" name="Rubber Shoes"/>
  <Item offset="212" name="Feather Boots"/>
  <Item offset="213" name="Sprint Shoes"/>
  <Item offset="214" name="Red Shoes"/>
  <Item offset="215" name="Power Wrist"/>
  <Item offset="216" name="Genji Gauntlet"/>
  <Item offset="217" name="Magic Gauntlet"/>
  <Item offset="218" name="Bracer"/>
  <Item offset="219" name="Reflect Ring"/>
  <Item offset="220" name="Defense Ring"/>
  <Item offset="221" name="Magic Ring"/>
  <Item offset="222" name="Cursed Ring"/>
  <Item offset="223" name="Angel Ring"/>
  <Item offset="224" name="Diamond Armlet"/>
  <Item offset="225" name="Jade Armlet"/>
  <Item offset="226" name="108 Gems"/>
  <Item offset="227" name="N-Kai Armlet"/>
  <Item offset="228" name="Defense Armlet"/>
  <Item offset="229" name="Small Mantle"/>
  <Item offset="230" name="Leather Mantle"/>
  <Item offset="231" name="Wizard Mantle"/>
  <Item offset="232" name="Elf Mantle"/>
  <Item offset="233" name="Dracula Mantle"/>
  <Item offset="234" name="Feather Mantle"/>
  <Item offset="235" name="Vanish Mantle"/>
  <Item offset="236" name="Chantage"/>
  <Item offset="237" name="Cherche"/>
  <Item offset="238" name="Setiemson"/>
  <Item offset="239" name="Salty Rage"/>
  <Item offset="240" name="Potion"/>
  <Item offset="241" name="Hi-Potion"/>
  <Item offset="242" name="X-Potion"/>
  <Item offset="243" name="Ether"/>
  <Item offset="244" name="Hi-Ether"/>
  <Item offset="245" name="Elixir"/>
  <Item offset="246" name="Antidote"/>
  <Item offset="247" name="Eye Drop"/>
  <Item offset="248" name="Echo Grass"/>
  <Item offset="249" name="Maiden's Kiss"/>
  <Item offset="250" name="Soft"/>
  <Item offset="251" name="Holy Water"/>
  <Item offset="252" name="Remedy"/>
  <Item offset="253" name="Phoenix Down"/>
  <Item offset="254" name="&lt;Nothing&gt;  "/> <!-- leave trailing space -->
  <Item offset="255" name="&lt;Nothing&gt;   "/> <!-- leave trailing space -->
</Items>