﻿<?xml version="1.0" encoding="utf-8" ?>
<!--
    Copyright 2007, Joe Davidson <joedavidson@gmail.com>

    This file is part of FFTPatcher.

    FFTPatcher is free software: you can redistribute it and/or modify
    it under the terms of the GNU General Public License as published by
    the Free Software Foundation, either version 3 of the License, or
    (at your option) any later version.

    FFTPatcher is distributed in the hope that it will be useful,
    but WITHOUT ANY WARRANTY; without even the implied warranty of
    MERCHANTABILITY or FITNESS FOR A PARTICULAR PURPOSE.  See the
    GNU General Public License for more details.

    You should have received a copy of the GNU General Public License
    along with FFTPatcher.  If not, see <http://www.gnu.org/licenses/>.
-->
<Attributes>
  <Attribute value="00" item=""/>
  <Attribute value="01" item="Rune Blade"/>
  <Attribute value="02" item="Save the Queen"/>
  <Attribute value="03" item="Excalibur"/>
  <Attribute value="04" item="Ragnarok"/>
  <Attribute value="05" item="Chaos Blade"/>
  <Attribute value="06" item="Thunder Rod"/>
  <Attribute value="07" item="Flame Rod"/>
  <Attribute value="08" item="Ice Rod"/>
  <Attribute value="09" item="Wizard Rod"/>
  <Attribute value="0A" item="Wizard Staff"/>
  <Attribute value="0B" item="Mace of Zeus"/>
  <Attribute value="0C" item="C Bag"/>
  <Attribute value="0D" item="P Bag"/>
  <Attribute value="0E" item="H Bag"/>
  <Attribute value="0F" item="Ice Shield"/>
  <Attribute value="10" item="Flame Shield"/>
  <Attribute value="11" item="Aegis Shield"/>
  <Attribute value="12" item="Kaiser Plate"/>
  <Attribute value="13" item="Venetian Shield"/>
  <Attribute value="14" item="Grand Helmet"/>
  <Attribute value="15" item="Headgear"/>
  <Attribute value="16" item="Triangle Hat"/>
  <Attribute value="17" item="Green Beret"/>
  <Attribute value="18" item="Twist Headband"/>
  <Attribute value="19" item="Holy Miter"/>
  <Attribute value="1A" item="Golden Hairpin"/>
  <Attribute value="1B" item="Flash Hat"/>
  <Attribute value="1C" item="Thief Hat"/>
  <Attribute value="1D" item="Reflect Mail"/>
  <Attribute value="1E" item="Judo Outfit"/>
  <Attribute value="1F" item="Power Sleeve"/>
  <Attribute value="20" item="Earth Clothes"/>
  <Attribute value="21" item="Secret Clothes"/>
  <Attribute value="22" item="Black Costume"/>
  <Attribute value="23" item="Rubber Costume"/>
  <Attribute value="24" item="Wizard Robe"/>
  <Attribute value="25" item="Chameleon Robe"/>
  <Attribute value="26" item="White Robe"/>
  <Attribute value="27" item="Black Robe"/>
  <Attribute value="28" item="Light Robe"/>
  <Attribute value="29" item="Robe of Lords"/>
  <Attribute value="2A" item="Battle Boots"/>
  <Attribute value="2B" item="Spike Shoes"/>
  <Attribute value="2C" item="Germinas Boots"/>
  <Attribute value="2D" item="Rubber Shoes"/>
  <Attribute value="2E" item="Feather Boots"/>
  <Attribute value="2F" item="Sprint Shoes"/>
  <Attribute value="30" item="Red Shoes"/>
  <Attribute value="31" item="Power Wrist"/>
  <Attribute value="32" item="Genji Gauntlet"/>
  <Attribute value="33" item="Magic Gauntlet"/>
  <Attribute value="34" item="Bracer"/>
  <Attribute value="35" item="Reflect Ring"/>
  <Attribute value="36" item="Defense Ring"/>
  <Attribute value="37" item="Magic Ring"/>
  <Attribute value="38" item="Cursed Ring"/>
  <Attribute value="39" item="Angel Ring"/>
  <Attribute value="3A" item="Diamond Armlet"/>
  <Attribute value="3B" item="Jade Armlet"/>
  <Attribute value="3C" item="108 Gems"/>
  <Attribute value="3D" item="N-Kai Armlet"/>
  <Attribute value="3E" item="Defense Armlet"/>
  <Attribute value="3F" item="Wizard Mantle"/>
  <Attribute value="40" item="Vanish Mantle"/>
  <Attribute value="41" item="Chantage"/>
  <Attribute value="42" item="Cherche"/>
  <Attribute value="43" item="Setiemson"/>
  <Attribute value="44" item="Salty Rage"/>
  <Attribute value="45" item="Cachusha"/>
  <Attribute value="46" item="Barette"/>
  <Attribute value="47" item="Ribbon"/>
  <Attribute value="48" item="Stone Gun"/>
  <Attribute value="49" item="Faith Rod"/>
  <Attribute value="4A" item=""/>
  <Attribute value="4B" item=""/>
  <Attribute value="4C" item=""/>
  <Attribute value="4D" item=""/>
  <Attribute value="4E" item=""/>
  <Attribute value="4F" item=""/>
</Attributes>