﻿<?xml version="1.0" encoding="utf-8" ?>
<!--
    Copyright 2007, Joe Davidson <joedavidson@gmail.com>

    This file is part of FFTPatcher.

    FFTPatcher is free software: you can redistribute it and/or modify
    it under the terms of the GNU General Public License as published by
    the Free Software Foundation, either version 3 of the License, or
    (at your option) any later version.

    FFTPatcher is distributed in the hope that it will be useful,
    but WITHOUT ANY WARRANTY; without even the implied warranty of
    MERCHANTABILITY or FITNESS FOR A PARTICULAR PURPOSE.  See the
    GNU General Public License for more details.

    You should have received a copy of the GNU General Public License
    along with FFTPatcher.  If not, see <http://www.gnu.org/licenses/>.
-->
<Abilities>
  <Ability value="0" name="&lt;Nothing&gt;"/>
  <Ability value="1" name="Cure"/>
  <Ability value="2" name="Cure 2"/>
  <Ability value="3" name="Cure 3"/>
  <Ability value="4" name="Cure 4"/>
  <Ability value="5" name="Raise"/>
  <Ability value="6" name="Raise 2"/>
  <Ability value="7" name="Reraise"/>
  <Ability value="8" name="Regen"/>
  <Ability value="9" name="Protect"/>
  <Ability value="10" name="Protect 2"/>
  <Ability value="11" name="Shell"/>
  <Ability value="12" name="Shell 2"/>
  <Ability value="13" name="Wall"/>
  <Ability value="14" name="Esuna"/>
  <Ability value="15" name="Holy"/>
  <Ability value="16" name="Fire"/>
  <Ability value="17" name="Fire 2"/>
  <Ability value="18" name="Fire 3"/>
  <Ability value="19" name="Fire 4"/>
  <Ability value="20" name="Bolt"/>
  <Ability value="21" name="Bolt 2"/>
  <Ability value="22" name="Bolt 3"/>
  <Ability value="23" name="Bolt 4"/>
  <Ability value="24" name="Ice"/>
  <Ability value="25" name="Ice 2"/>
  <Ability value="26" name="Ice 3"/>
  <Ability value="27" name="Ice 4"/>
  <Ability value="28" name="Poison"/>
  <Ability value="29" name="Frog"/>
  <Ability value="30" name="Death"/>
  <Ability value="31" name="Flare"/>
  <Ability value="32" name="Haste"/>
  <Ability value="33" name="Haste 2"/>
  <Ability value="34" name="Slow"/>
  <Ability value="35" name="Slow 2"/>
  <Ability value="36" name="Stop"/>
  <Ability value="37" name="Don't Move"/>
  <Ability value="38" name="Float "/> <!-- leave trailing space -->
  <Ability value="39" name="Reflect "/> <!-- leave trailing space -->
  <Ability value="40" name="(Summon Demon)"/>
  <Ability value="41" name="Quick"/>
  <Ability value="42" name="Demi"/>
  <Ability value="43" name="Demi 2"/>
  <Ability value="44" name="Meteor"/>
  <Ability value="45" name="  "/> <!-- leave trailing space -->
  <Ability value="46" name="Blind "/> <!-- leave trailing space -->
  <Ability value="47" name="Spell Absorb"/>
  <Ability value="48" name="Life Drain"/>
  <Ability value="49" name="Pray Faith"/>
  <Ability value="50" name="Doubt Faith"/>
  <Ability value="51" name="Zombie "/> <!-- leave trailing space -->
  <Ability value="52" name="Silence Song"/>
  <Ability value="53" name="Blind Rage"/>
  <Ability value="54" name="Foxbird"/>
  <Ability value="55" name="Confusion Song"/>
  <Ability value="56" name="Dispel Magic"/>
  <Ability value="57" name="Paralyze"/>
  <Ability value="58" name="Sleep "/> <!-- leave trailing space -->
  <Ability value="59" name="Petrify"/>
  <Ability value="60" name="Moogle"/>
  <Ability value="61" name="Shiva"/>
  <Ability value="62" name="Ramuh"/>
  <Ability value="63" name="Ifrit"/>
  <Ability value="64" name="Titan"/>
  <Ability value="65" name="Golem"/>
  <Ability value="66" name="Carbunkle"/>
  <Ability value="67" name="Bahamut"/>
  <Ability value="68" name="Odin"/>
  <Ability value="69" name="Leviathan"/>
  <Ability value="70" name="Salamander"/>
  <Ability value="71" name="Silf"/>
  <Ability value="72" name="Fairy"/>
  <Ability value="73" name="Lich"/>
  <Ability value="74" name="Cyclops"/>
  <Ability value="75" name="Zodiac"/>
  <Ability value="76" name="Asura "/> <!-- leave trailing space -->
  <Ability value="77" name="Koutetsu"/>
  <Ability value="78" name="Bizen Boat"/>
  <Ability value="79" name="Murasame"/>
  <Ability value="80" name="Heaven's Cloud"/>
  <Ability value="81" name="Kiyomori"/>
  <Ability value="82" name="Muramasa"/>
  <Ability value="83" name="Kikuichimoji"/>
  <Ability value="84" name="Masamune"/>
  <Ability value="85" name="Chirijiraden"/>
  <Ability value="86" name="Angel Song"/>
  <Ability value="87" name="Life Song"/>
  <Ability value="88" name="Cheer Song"/>
  <Ability value="89" name="Battle Song"/>
  <Ability value="90" name="Magic Song"/>
  <Ability value="91" name="Nameless Song"/>
  <Ability value="92" name="Last Song"/>
  <Ability value="93" name="Witch Hunt"/>
  <Ability value="94" name="Wiznaibus"/>
  <Ability value="95" name="Slow Dance"/>
  <Ability value="96" name="Polka Polka"/>
  <Ability value="97" name="Disillusion"/>
  <Ability value="98" name="Nameless Dance"/>
  <Ability value="99" name="Last Dance"/>
  <Ability value="100" name="Spin Fist"/>
  <Ability value="101" name="Repeating Fist"/>
  <Ability value="102" name="Wave Fist"/>
  <Ability value="103" name="Earth Slash"/>
  <Ability value="104" name="Secret Fist"/>
  <Ability value="105" name="Stigma Magic"/>
  <Ability value="106" name="Chakra"/>
  <Ability value="107" name="Revive"/>
  <Ability value="108" name="Gil Taking"/>
  <Ability value="109" name="Steal Heart"/>
  <Ability value="110" name="Steal Helmet"/>
  <Ability value="111" name="Steal Armor"/>
  <Ability value="112" name="Steal Shield"/>
  <Ability value="113" name="Steal Weapon"/>
  <Ability value="114" name="Steal Accessory"/>
  <Ability value="115" name="Steal Exp"/>
  <Ability value="116" name="Invitation"/>
  <Ability value="117" name="Persuade"/>
  <Ability value="118" name="Praise"/>
  <Ability value="119" name="Threaten"/>
  <Ability value="120" name="Preach"/>
  <Ability value="121" name="Solution"/>
  <Ability value="122" name="Death Sentence "/> <!-- leave trailing space -->
  <Ability value="123" name="Negotiate"/>
  <Ability value="124" name="Insult"/>
  <Ability value="125" name="Mimic Daravon"/>
  <Ability value="126" name="Pitfall"/>
  <Ability value="127" name="Water Ball"/>
  <Ability value="128" name="Hell Ivy"/>
  <Ability value="129" name="Carve Model"/>
  <Ability value="130" name="Local Quake"/>
  <Ability value="131" name="Kamaitachi"/>
  <Ability value="132" name="Demon Fire"/>
  <Ability value="133" name="Quicksand"/>
  <Ability value="134" name="Sand Storm"/>
  <Ability value="135" name="Blizzard"/>
  <Ability value="136" name="Gusty Wind"/>
  <Ability value="137" name="Lava Ball"/>
  <Ability value="138" name="Head Break"/>
  <Ability value="139" name="Armor Break"/>
  <Ability value="140" name="Shield Break"/>
  <Ability value="141" name="Weapon Break"/>
  <Ability value="142" name="Magic Break"/>
  <Ability value="143" name="Speed Break"/>
  <Ability value="144" name="Power Break"/>
  <Ability value="145" name="Mind Break"/>
  <Ability value="146" name="Accumulate"/>
  <Ability value="147" name="Dash "/> <!-- leave trailing space -->
  <Ability value="148" name="Throw Stone"/>
  <Ability value="149" name="Heal"/>
  <Ability value="150" name="Yell"/>
  <Ability value="151" name="Cheer Up"/>
  <Ability value="152" name="Wish"/>
  <Ability value="153" name="Scream"/>
  <Ability value="154" name="Ultima "/> <!-- leave trailing space -->
  <Ability value="155" name="Stasis Sword"/>
  <Ability value="156" name="Split Punch"/>
  <Ability value="157" name="Crush Punch"/>
  <Ability value="158" name="Lightning Stab"/>
  <Ability value="159" name="Holy Explosion"/>
  <Ability value="160" name="Shellbust Stab"/>
  <Ability value="161" name="Blastar Punch"/>
  <Ability value="162" name="Hellcry Punch"/>
  <Ability value="163" name="Icewolf Bite"/>
  <Ability value="164" name="Dark Sword"/>
  <Ability value="165" name="Night Sword"/>
  <Ability value="166" name="Dark Holy"/>
  <Ability value="167" name="Deathspell 2"/>
  <Ability value="168" name="Galaxy Stop"/>
  <Ability value="169" name="Heaven Thunder"/>
  <Ability value="170" name="Asura  "/> <!-- leave trailing space -->
  <Ability value="171" name="Diamond Sword"/>
  <Ability value="172" name="Hydragon Pit"/>
  <Ability value="173" name="Space Storage"/>
  <Ability value="174" name="Sky Demon"/>
  <Ability value="175" name="Heaven Bolt Back"/>
  <Ability value="176" name="Asura Back"/>
  <Ability value="177" name="Diamond Sword Back"/>
  <Ability value="178" name="Hydragon Pit Back"/>
  <Ability value="179" name="Space Storage Back"/>
  <Ability value="180" name="Sky Demon Back"/>
  <Ability value="181" name="Seal "/> <!-- leave trailing space -->
  <Ability value="182" name="Shadow Stitch"/>
  <Ability value="183" name="Stop Bracelet"/>
  <Ability value="184" name="(Summon Angel)"/> 
  <Ability value="185" name="Shock "/> <!-- leave trailing space -->
  <Ability value="186" name="Difference"/>
  <Ability value="187" name="Seal  "/> <!-- leave trailing space -->
  <Ability value="188" name="Chicken Race"/>
  <Ability value="189" name="Hold Tight"/>
  <Ability value="190" name="Darkness"/>
  <Ability value="191" name="Lose Voice"/>
  <Ability value="192" name="Loss"/>
  <Ability value="193" name="Spell"/>
  <Ability value="194" name="Nightmare"/>
  <Ability value="195" name="Death Cold"/>
  <Ability value="196" name="Magic Ruin"/>
  <Ability value="197" name="Speed Ruin"/>
  <Ability value="198" name="Power Ruin"/>
  <Ability value="199" name="Mind Ruin"/>
  <Ability value="200" name="Blood Suck "/> <!-- leave trailing space -->
  <Ability value="201" name="Allure"/>
  <Ability value="202" name="Bio "/> <!-- leave trailing space -->
  <Ability value="203" name="Bio  "/> <!-- leave trailing space -->
  <Ability value="204" name="Bio   "/> <!-- leave trailing space -->
  <Ability value="205" name="Bio 2 "/> <!-- leave trailing space -->
  <Ability value="206" name="Bio 2  "/> <!-- leave trailing space -->
  <Ability value="207" name="Bio 2   "/> <!-- leave trailing space -->
  <Ability value="208" name="Bio 2    "/> <!-- leave trailing space -->
  <Ability value="209" name="Bio 3 "/> <!-- leave trailing space -->
  <Ability value="210" name="Bio 3  "/> <!-- leave trailing space -->
  <Ability value="211" name="Bio 3   "/> <!-- leave trailing space -->
  <Ability value="212" name="Magic Barrier"/>
  <Ability value="213" name="Leg Aim"/>
  <Ability value="214" name="Arm Aim"/>
  <Ability value="215" name="Seal Evil"/>
  <Ability value="216" name="Melt"/>
  <Ability value="217" name="Tornado"/>
  <Ability value="218" name="Quake"/>
  <Ability value="219" name="(Teleport 3: Send)"/> 
  <Ability value="220" name="(Teleport 3: Arrive)"/> 
  <Ability value="221" name="Toad 2"/>
  <Ability value="222" name="Gravi 2"/>
  <Ability value="223" name="Flare 2"/>
  <Ability value="224" name="Blind 2"/>
  <Ability value="225" name="Small Bomb "/> <!-- leave trailing space -->
  <Ability value="226" name="Small Bomb  "/> <!-- leave trailing space -->
  <Ability value="227" name="Confuse 2"/>
  <Ability value="228" name="Sleep 2"/>
  <Ability value="229" name="Ultima  "/> <!-- leave trailing space -->
  <Ability value="230" name="All-Ultima"/>
  <Ability value="231" name="Mute"/>
  <Ability value="232" name="Despair 2"/>
  <Ability value="233" name="Return 2"/>
  <Ability value="234" name="Blind  "/> <!-- leave trailing space -->
  <Ability value="235" name="Aspel"/>
  <Ability value="236" name="Drain"/>
  <Ability value="237" name="Faith"/>
  <Ability value="238" name="Innocent"/>
  <Ability value="239" name="Zombie  "/> <!-- leave trailing space -->
  <Ability value="240" name="Silence"/>
  <Ability value="241" name="Berserk"/>
  <Ability value="242" name="Chicken"/>
  <Ability value="243" name="Confuse"/>
  <Ability value="244" name="Despair"/>
  <Ability value="245" name="Don't Act"/>
  <Ability value="246" name="Sleep  "/> <!-- leave trailing space -->
  <Ability value="247" name="Break"/>
  <Ability value="248" name="Ice Bracelet "/> <!-- leave trailing space -->
  <Ability value="249" name="Fire Bracelet "/> <!-- leave trailing space -->
  <Ability value="250" name="Thunder Bracelet "/> <!-- leave trailing space -->
  <Ability value="251" name="Dragon Tame"/>
  <Ability value="252" name="Dragon Care"/>
  <Ability value="253" name="Dragon Power Up"/>
  <Ability value="254" name="Dragon Level Up"/>
  <Ability value="255" name="Holy Bracelet"/>
  <Ability value="256" name="Shock  "/> <!-- leave trailing space -->
  <Ability value="257" name="Braver"/>
  <Ability value="258" name="Cross Slash"/>
  <Ability value="259" name="Blade Beam"/>
  <Ability value="260" name="Climhazzard"/>
  <Ability value="261" name="Meteorain"/>
  <Ability value="262" name="Finish Touch"/>
  <Ability value="263" name="Omnislash"/>
  <Ability value="264" name="Cherry Blossom"/>
  <Ability value="265" name="Choco Attack"/>
  <Ability value="266" name="Choco Ball"/>
  <Ability value="267" name="Choco Meteor"/>
  <Ability value="268" name="Choco Esuna"/>
  <Ability value="269" name="Choco Cure"/>
  <Ability value="270" name="Tackle"/>
  <Ability value="271" name="Goblin Punch"/>
  <Ability value="272" name="Turn Punch"/>
  <Ability value="273" name="Eye Gouge"/>
  <Ability value="274" name="Mutilate"/>
  <Ability value="275" name="Bite"/>
  <Ability value="276" name="Small Bomb  "/> <!-- leave trailing space -->
  <Ability value="277" name="Self Destruct"/>
  <Ability value="278" name="Flame Attack"/>
  <Ability value="279" name="Spark"/>
  <Ability value="280" name="Scratch"/>
  <Ability value="281" name="Cat Kick"/>
  <Ability value="282" name="Blaster"/>
  <Ability value="283" name="Poison Nail"/>
  <Ability value="284" name="Blood Suck  "/> <!-- leave trailing space -->
  <Ability value="285" name="Tentacle "/> <!-- leave trailing space -->
  <Ability value="286" name="Black Ink"/>
  <Ability value="287" name="Odd Soundwave"/>
  <Ability value="288" name="Mind Blast"/>
  <Ability value="289" name="Level Blast"/>
  <Ability value="290" name="Knife Hand"/>
  <Ability value="291" name="Thunder Soul"/>
  <Ability value="292" name="Aqua Soul"/>
  <Ability value="293" name="Ice Soul"/>
  <Ability value="294" name="Wind Soul"/>
  <Ability value="295" name="Throw Spirit"/>
  <Ability value="296" name="Zombie Touch"/>
  <Ability value="297" name="Sleep Touch"/>
  <Ability value="298" name="Drain Touch"/>
  <Ability value="299" name="Grease Touch"/>
  <Ability value="300" name="Wing Attack"/>
  <Ability value="301" name="Look of Devil"/>
  <Ability value="302" name="Look of Fright"/>
  <Ability value="303" name="Circle"/>
  <Ability value="304" name="Death Sentence  "/> <!-- leave trailing space -->
  <Ability value="305" name="Scratch Up"/>
  <Ability value="306" name="Beak"/>
  <Ability value="307" name="Shine Lover"/>
  <Ability value="308" name="Feather Bomb"/>
  <Ability value="309" name="Beaking"/>
  <Ability value="310" name="Straight Dash"/>
  <Ability value="311" name="Nose Bracelet"/>
  <Ability value="312" name="Oink"/>
  <Ability value="313" name="Pooh"/>
  <Ability value="314" name="Please Eat"/>
  <Ability value="315" name="Leaf Dance"/>
  <Ability value="316" name="Protect Spirit"/>
  <Ability value="317" name="Calm Spirit"/>
  <Ability value="318" name="Life Spirit"/>
  <Ability value="319" name="Magic Spirit"/>
  <Ability value="320" name="Shake Off"/>
  <Ability value="321" name="Wave Around"/>
  <Ability value="322" name="Mimic Titan"/>
  <Ability value="323" name="Gather Power"/>
  <Ability value="324" name="Blow Fire"/>
  <Ability value="325" name="Tentacle  "/> <!-- leave trailing space -->
  <Ability value="326" name="Lick"/>
  <Ability value="327" name="Goo"/>
  <Ability value="328" name="Bad Bracelet"/>
  <Ability value="329" name="Moldball Virus"/>
  <Ability value="330" name="Stab Up"/>
  <Ability value="331" name="Sudden Cry"/>
  <Ability value="332" name="Hurricane"/>
  <Ability value="333" name="Ulmaguest"/>
  <Ability value="334" name="Giga Flare"/>
  <Ability value="335" name="Dash  "/> <!-- leave trailing space -->
  <Ability value="336" name="Tail Swing"/>
  <Ability value="337" name="Ice Bracelet  "/> <!-- leave trailing space -->
  <Ability value="338" name="Fire Bracelet  "/> <!-- leave trailing space -->
  <Ability value="339" name="Thunder Bracelet  "/> <!-- leave trailing space -->
  <Ability value="340" name="Triple Attack"/>
  <Ability value="341" name="Triple Bracelet"/>
  <Ability value="342" name="Triple Thunder"/>
  <Ability value="343" name="Triple Flame"/>
  <Ability value="344" name="Dark Whisper"/>
  <Ability value="345" name="Snake Carrier"/>
  <Ability value="346" name="Poison Frog"/>
  <Ability value="347" name="Midgar Zolom"/>
  <Ability value="348" name="Lifebreak"/>
  <Ability value="349" name="Nanoflare"/>
  <Ability value="350" name="Grand Cross"/>
  <Ability value="351" name="Destroy"/>
  <Ability value="352" name="Compress"/>
  <Ability value="353" name="Dispose"/>
  <Ability value="354" name="Crush"/>
  <Ability value="355" name="Energy"/>
  <Ability value="356" name="Parasite"/>
  <Ability value="357" name="      "/> <!-- leave trailing space -->
  <Ability value="358" name="       "/> <!-- leave trailing space -->
  <Ability value="359" name="        "/> <!-- leave trailing space -->
  <Ability value="360" name="         "/> <!-- leave trailing space -->
  <Ability value="361" name="          "/> <!-- leave trailing space -->
  <Ability value="362" name="           "/> <!-- leave trailing space -->
  <Ability value="363" name="            "/> <!-- leave trailing space -->
  <Ability value="364" name="             "/> <!-- leave trailing space -->
  <Ability value="365" name="              "/> <!-- leave trailing space -->
  <Ability value="366" name="               "/> <!-- leave trailing space -->
  <Ability value="367" name="Frog Attack"/> 
  <Ability value="368" name="Potion"/>
  <Ability value="369" name="Hi-Potion"/>
  <Ability value="370" name="X-Potion"/>
  <Ability value="371" name="Ether"/>
  <Ability value="372" name="Hi-Ether"/>
  <Ability value="373" name="Elixir"/>
  <Ability value="374" name="Antidote"/>
  <Ability value="375" name="Eye Drop"/>
  <Ability value="376" name="Echo Grass"/>
  <Ability value="377" name="Maiden's Kiss"/>
  <Ability value="378" name="Soft"/>
  <Ability value="379" name="Holy Water"/>
  <Ability value="380" name="Remedy"/>
  <Ability value="381" name="Phoenix Down"/>
  <Ability value="382" name="Shuriken"/>
  <Ability value="383" name="Knife"/>
  <Ability value="384" name="Sword"/>
  <Ability value="385" name="Hammer"/>
  <Ability value="386" name="Katana"/>
  <Ability value="387" name="Ninja Sword"/>
  <Ability value="388" name="Axe"/>
  <Ability value="389" name="Spear"/>
  <Ability value="390" name="Stick"/>
  <Ability value="391" name="Knight Sword"/>
  <Ability value="392" name="Dictionary"/>
  <Ability value="393" name="Ball"/>
  <Ability value="394" name="Level Jump2"/>
  <Ability value="395" name="Level Jump3"/>
  <Ability value="396" name="Level Jump4"/>
  <Ability value="397" name="Level Jump5"/>
  <Ability value="398" name="Level Jump8"/>
  <Ability value="399" name="Vertical Jump2"/>
  <Ability value="400" name="Vertical Jump3"/>
  <Ability value="401" name="Vertical Jump4"/>
  <Ability value="402" name="Vertical Jump5"/>
  <Ability value="403" name="Vertical Jump6"/>
  <Ability value="404" name="Vertical Jump7"/>
  <Ability value="405" name="Vertical Jump8"/>
  <Ability value="406" name="Charge +1"/>
  <Ability value="407" name="Charge +2"/>
  <Ability value="408" name="Charge +3"/>
  <Ability value="409" name="Charge +4"/>
  <Ability value="410" name="Charge +5"/>
  <Ability value="411" name="Charge +7"/>
  <Ability value="412" name="Charge +10"/>
  <Ability value="413" name="Charge +20"/>
  <Ability value="414" name="CT"/>
  <Ability value="415" name="Level"/>
  <Ability value="416" name="Exp"/>
  <Ability value="417" name="Height"/>
  <Ability value="418" name="Prime Number"/>
  <Ability value="419" name="5"/>
  <Ability value="420" name="4"/>
  <Ability value="421" name="3"/>
  <Ability value="422" name="A Save"/>
  <Ability value="423" name="MA Save"/>
  <Ability value="424" name="Speed Save"/>
  <Ability value="425" name="Sunken State"/>
  <Ability value="426" name="Caution"/>
  <Ability value="427" name="Dragon Spirit"/>
  <Ability value="428" name="Regenerator"/>
  <Ability value="429" name="Brave Up"/>
  <Ability value="430" name="Face Up"/>
  <Ability value="431" name="HP Restore"/>
  <Ability value="432" name="MP Restore"/>
  <Ability value="433" name="Critical Quick"/>
  <Ability value="434" name="Meatbone Slash"/>
  <Ability value="435" name="Counter Magic"/>
  <Ability value="436" name="Counter Tackle"/>
  <Ability value="437" name="Counter Flood"/>
  <Ability value="438" name="Absorb Used MP"/>
  <Ability value="439" name="Gilgame Heart"/>
  <Ability value="440" name="Reflect  "/> <!-- leave trailing space -->
  <Ability value="441" name="Auto Potion"/>
  <Ability value="442" name="Counter"/>
  <Ability value="443" name="                 "/> <!-- leave trailing space -->
  <Ability value="444" name="Distribute"/>
  <Ability value="445" name="MP Switch"/>
  <Ability value="446" name="Damage Split"/>
  <Ability value="447" name="Weapon Guard"/>
  <Ability value="448" name="Finger Guard"/>
  <Ability value="449" name="Abandon"/>
  <Ability value="450" name="Catch"/>
  <Ability value="451" name="Blade Grasp"/>
  <Ability value="452" name="Arrow Guard"/>
  <Ability value="453" name="Hamedo"/>
  <Ability value="454" name="Equip Armor"/>
  <Ability value="455" name="Equip Shield"/>
  <Ability value="456" name="Equip Sword"/>
  <Ability value="457" name="Equip Katana"/>
  <Ability value="458" name="Equip Crossbow"/>
  <Ability value="459" name="Equip Spear"/>
  <Ability value="460" name="Equip Axe"/>
  <Ability value="461" name="Equip Gun"/>
  <Ability value="462" name="Half of MP"/>
  <Ability value="463" name="Gained JP-UP"/>
  <Ability value="464" name="Gained EXP-UP"/>
  <Ability value="465" name="Attack UP"/>
  <Ability value="466" name="Defense UP"/>
  <Ability value="467" name="Magic Att. UP"/>
  <Ability value="468" name="Magic Def. UP"/>
  <Ability value="469" name="Concentrate"/>
  <Ability value="470" name="Train"/>
  <Ability value="471" name="Secret Hunt"/>
  <Ability value="472" name="Martial Arts"/>
  <Ability value="473" name="Monster Talk"/>
  <Ability value="474" name="Throw Item"/>
  <Ability value="475" name="Maintenance"/>
  <Ability value="476" name="Two Hands"/>
  <Ability value="477" name="Two Swords"/>
  <Ability value="478" name="Monster Skill"/>
  <Ability value="479" name="Defend"/>
  <Ability value="480" name="Equip Change"/>
  <Ability value="481" name="                  "/> <!-- leave trailing space -->
  <Ability value="482" name="Short Charge"/>
  <Ability value="483" name="Non-charge"/>
  <Ability value="484" name="                   "/> <!-- leave trailing space -->
  <Ability value="485" name="                    "/> <!-- leave trailing space -->
  <Ability value="486" name="Move +1"/>
  <Ability value="487" name="Move +2"/>
  <Ability value="488" name="Move +3"/>
  <Ability value="489" name="Jump +1"/>
  <Ability value="490" name="Jump +2"/>
  <Ability value="491" name="Jump +3"/>
  <Ability value="492" name="Ignore Height"/>
  <Ability value="493" name="Move-HP Up"/>
  <Ability value="494" name="Move-MP Up"/>
  <Ability value="495" name="Move-Get Exp"/>
  <Ability value="496" name="Move-Get Jp"/>
  <Ability value="497" name="Cannot enter water"/>
  <Ability value="498" name="Teleport"/>
  <Ability value="499" name="Teleport 2"/>
  <Ability value="500" name="Any Weather"/>
  <Ability value="501" name="Any Ground"/>
  <Ability value="502" name="Walk on Water"/>
  <Ability value="503" name="Move in Water"/>
  <Ability value="504" name="Move on Lava"/>
  <Ability value="505" name="Move Underwater"/>
  <Ability value="506" name="Float  "/> <!-- leave trailing space -->
  <Ability value="507" name="Fly"/>
  <Ability value="508" name="Silent Walk"/>
  <Ability value="509" name="Move-Find Item"/>
  <Ability value="510" name="                     "/> <!-- leave trailing space -->
  <Ability value="511" name="                      "/> <!-- leave trailing space -->
  <Ability value="512" name="                       "/> <!-- leave trailing space -->
</Abilities>