﻿<?xml version="1.0" encoding="utf-8" ?>
<!--
    Copyright 2007, Joe Davidson <joedavidson@gmail.com>

    This file is part of FFTPatcher.

    FFTPatcher is free software: you can redistribute it and/or modify
    it under the terms of the GNU General Public License as published by
    the Free Software Foundation, either version 3 of the License, or
    (at your option) any later version.

    FFTPatcher is distributed in the hope that it will be useful,
    but WITHOUT ANY WARRANTY; without even the implied warranty of
    MERCHANTABILITY or FITNESS FOR A PARTICULAR PURPOSE.  See the
    GNU General Public License for more details.

    You should have received a copy of the GNU General Public License
    along with FFTPatcher.  If not, see <http://www.gnu.org/licenses/>.
-->
<Effects>
  <Effect value="000" name="Crashes Game"/>
  <Effect value="001" name="Cure"/>
  <Effect value="002" name="Cure 2"/>
  <Effect value="003" name="Cure 3"/>
  <Effect value="004" name="Cure 4"/>
  <Effect value="005" name="Raise"/>
  <Effect value="006" name="Raise 2"/>
  <Effect value="007" name="Reraise"/>
  <Effect value="008" name="Regen/Regenerator"/>
  <Effect value="009" name="Protect"/>
  <Effect value="00A" name="Protect 2"/>
  <Effect value="00B" name="Shell"/>
  <Effect value="00C" name="Shell 2"/>
  <Effect value="00D" name="Wall"/>
  <Effect value="00E" name="Esuna"/>
  <Effect value="00F" name="Holy"/>
  <Effect value="010" name="Fire"/>
  <Effect value="011" name="Fire 2"/>
  <Effect value="012" name="Fire 3"/>
  <Effect value="013" name="Fire 4"/>
  <Effect value="014" name="Bolt"/>
  <Effect value="015" name="Bolt 2"/>
  <Effect value="016" name="Bolt 3"/>
  <Effect value="017" name="Bolt 4"/>
  <Effect value="018" name="Ice"/>
  <Effect value="019" name="Ice 2"/>
  <Effect value="01A" name="Ice 3"/>
  <Effect value="01B" name="Ice 4"/>
  <Effect value="01C" name="Poison"/>
  <Effect value="01D" name="Frog"/>
  <Effect value="01E" name="Death"/>
  <Effect value="01F" name="Flare"/>
  <Effect value="020" name="Haste"/>
  <Effect value="021" name="Haste 2"/>
  <Effect value="022" name="Slow"/>
  <Effect value="023" name="Slow 2"/>
  <Effect value="024" name="Stop"/>

  
  <Effect value="027" name="Don't Move"/>
  <Effect value="028" name="Float"/>
  <Effect value="029" name="Reflect"/>

  <Effect value="02B" name="Summon Demon"/>
  <Effect value="02C" name="Quick/Critical Quick"/>
  <Effect value="02D" name="Demi"/>
  <Effect value="02E" name="Demi 2"/>
  <Effect value="02F" name="Meteor"/>
  
  <Effect value="031" name="Blind"/>
  <Effect value="032" name="Aspel"/>
  <Effect value="033" name="Drain"/>
  <Effect value="034" name="Faith/Face Up"/>
  <Effect value="035" name="Innocent"/>
  <Effect value="036" name="Zombie"/>
  <Effect value="037" name="Silence"/>
  <Effect value="038" name="Berserk/Brave Up"/>
  <Effect value="039" name="Chicken"/>
  <Effect value="03A" name="Confuse"/>
  <Effect value="03B" name="Despair"/>
  <Effect value="03C" name="Don't Act"/>
  <Effect value="03D" name="Sleep"/>
  <Effect value="03E" name="Break"/>
  <Effect value="03F" name="Moogle"/>
  
  <Effect value="041" name="Shiva"/>
  <Effect value="042" name="Ramuh"/>
  <Effect value="043" name="Ifrit"/>
  <Effect value="044" name="Titan"/>
  <Effect value="045" name="Golem"/>
  <Effect value="046" name="Carbuncle"/>
  <Effect value="047" name="Bahamut"/>
  <Effect value="048" name="Odin"/>
  <Effect value="049" name="Leviathan"/>
  <Effect value="04A" name="Salamander"/>
  
  <Effect value="04C" name="Silf"/>
  <Effect value="04D" name="Fairy"/>
  <Effect value="04E" name="Lich"/>
  <Effect value="04F" name="Cyclops"/>
  <Effect value="050" name="Zodiac"/>
  <Effect value="051" name="Angel Song"/>
  <Effect value="052" name="Life Song"/>
  <Effect value="053" name="Cheer Song"/>
  <Effect value="054" name="Battle Song"/>
  <Effect value="055" name="Magic Song"/>
  <Effect value="056" name="Nameless Song"/>
  <Effect value="057" name="Last Song"/>
  <Effect value="058" name="Witch Hunt"/>
  <Effect value="059" name="Wiznaibus"/>
  <Effect value="05A" name="Slow Dance"/>
  <Effect value="05B" name="Polka Polka"/>
  <Effect value="05C" name="Disillusion"/>
  <Effect value="05D" name="Nameless Dance"/>
  <Effect value="05E" name="Last Dance"/>
  <Effect value="05F" name="Spin Fist"/>
  <Effect value="060" name="Repeating Fist"/>
  <Effect value="061" name="Wave Fist"/>
  <Effect value="062" name="Earth Slash"/>
  <Effect value="063" name="Secret Fist"/>
  <Effect value="064" name="Stigma Magic"/>
  <Effect value="065" name="Chakra"/>
  <Effect value="066" name="Revive"/>
  <Effect value="067" name="Gil Taking/Gilgame Heart"/>
  <Effect value="068" name="Steal Heart"/>
  <Effect value="069" name="Steal Helmet"/>
  <Effect value="06A" name="Steal Armor"/>
  <Effect value="06B" name="Steal Shield"/>
  <Effect value="06C" name="Steal Weapon"/>
  <Effect value="06D" name="Steal Accessory"/>
  <Effect value="06E" name="Steal Experience"/>
  <Effect value="06F" name="Invitation"/>
  <Effect value="070" name="Persuade"/>
  <Effect value="071" name="Praise"/>
  <Effect value="072" name="Threaten"/>
  <Effect value="073" name="Preach"/>
  <Effect value="074" name="Solution"/>
  <Effect value="075" name="Death Sentence"/>
  <Effect value="076" name="Negotiate"/>
  <Effect value="077" name="Insult"/>
  <Effect value="078" name="Mimic Daravon"/>
  <Effect value="079" name="Pitfall"/>
  <Effect value="07A" name="Water ball"/>
  <Effect value="07B" name="Hell Ivy"/>
  <Effect value="07C" name="Carve Model"/>
  <Effect value="07D" name="Local Quake"/>
  <Effect value="07E" name="Kamaitachi"/>
  <Effect value="07F" name="Demon Fire"/>
  <Effect value="080" name="Quicksand"/>
  <Effect value="081" name="Sand Storm"/>
  <Effect value="082" name="Blizzard"/>
  <Effect value="083" name="Gusty Wind"/>
  <Effect value="084" name="Lava Ball"/>
  <Effect value="085" name="Asura"/>
  <Effect value="086" name="Koutetsu"/>
  <Effect value="087" name="Bizen Boat"/>
  <Effect value="088" name="Murasame"/>
  <Effect value="089" name="Heaven's Cloud"/>
  <Effect value="08A" name="Kiyomori"/>
  <Effect value="08B" name="Muramasa"/>
  <Effect value="08C" name="Kikuichimoji"/>
  <Effect value="08D" name="Masamune"/>
  <Effect value="08E" name="Chirijiraden"/>
  
  
  
  
  
  
  
  
  
  
  
  <Effect value="09A" name="Dash/Wing Attack"/>
  
  <Effect value="09C" name="Heal"/>
  <Effect value="09D" name="Yell"/>
  <Effect value="09E" name="Cheer Up"/>
  <Effect value="09F" name="Scream"/>
  <Effect value="0A0" name="Ultima (lvl1)"/>
  <Effect value="0A1" name="Wish"/>

  <Effect value="0A3" name="Stasis Sword"/>
  <Effect value="0A4" name="Split Punch"/>
  <Effect value="0A5" name="Crush Punch"/>
  <Effect value="0A6" name="Lightning Stab"/>
  <Effect value="0A7" name="Holy Explosion"/>
  <Effect value="0A8" name="Shellbust Stab"/>
  <Effect value="0A9" name="Blastar Punch"/>
  <Effect value="0AA" name="Hellcry Punch"/>
  <Effect value="0AB" name="Icewolf Bite"/>
  <Effect value="0AC" name="Dark Sword"/>
  <Effect value="0AD" name="Night Sword"/>
  <Effect value="0AE" name="Dark Holy"/>
  <Effect value="0AF" name="Deathspell 2"/>
  <Effect value="0B0" name="Galaxy Stop"/>
  <Effect value="0B1" name="Heaven Thunder"/>
  <Effect value="0B2" name="Asura"/>
  <Effect value="0B3" name="Diamond Sword"/>
  <Effect value="0B4" name="Hydragon Pit"/>
  <Effect value="0B5" name="Space Storage"/>
  <Effect value="0B6" name="Sky Demon"/>
  <Effect value="0B7" name="Heaven Thunder Back"/>
  <Effect value="0B8" name="Asura Back"/>
  <Effect value="0B9" name="Diamond Sword Back"/>
  <Effect value="0BA" name="Hydragon Pit Back"/>
  <Effect value="0BB" name="Space Storage Back"/>
  <Effect value="0BC" name="Sky Demon Back"/>
  <Effect value="0BD" name="Sunken State"/>
  <Effect value="0BE" name="Shadow Stitch"/>
  <Effect value="0BF" name="Stop Bracelet"/>
  <Effect value="0C0" name="Summon Angel"/>
  <Effect value="0C1" name="Shock (byblos)"/>
  <Effect value="0C2" name="Difference"/>
  <Effect value="0C3" name="Seal"/>
  <Effect value="0C4" name="Chicken Race"/>
  <Effect value="0C5" name="Hold Tight"/>
  <Effect value="0C6" name="Darkness"/>
  <Effect value="0C7" name="Lose Voice"/>
  <Effect value="0C8" name="Loss"/>
  <Effect value="0C9" name="Spell"/>
  <Effect value="0CA" name="Nightmare"/>
  <Effect value="0CB" name="Death Cold"/>
  <Effect value="0CC" name="Magic Ruin"/>
  <Effect value="0CD" name="Speed Ruin"/>
  <Effect value="0CE" name="Power Ruin"/>
  
  <Effect value="0D0" name="Mind Ruin"/>
  
  <Effect value="0D2" name="Blood Suck"/>
  <Effect value="0D3" name="Allure"/>
  <Effect value="0D4" name="Bio"/>
  <Effect value="0D5" name="Bio"/>
  <Effect value="0D6" name="Bio"/>
  <Effect value="0D7" name="Bio 2"/>
  <Effect value="0D8" name="Bio 2"/>
  <Effect value="0D9" name="Bio 2"/>
  <Effect value="0DA" name="Bio 2"/>
  <Effect value="0DB" name="Bio 3"/>
  <Effect value="0DC" name="Bio 3"/>
  <Effect value="0DD" name="Bio 3"/>
  <Effect value="0DE" name="Magic Barrier"/>
  
  
  <Effect value="0E1" name="Very Quick Bloody Strike"/>
  <Effect value="0E2" name="Very Quick Strike"/>
  
  <Effect value="0E4" name="Melt"/>
  <Effect value="0E5" name="Tornado"/>
  <Effect value="0E6" name="Quake"/>
  <Effect value="0E7" name="Teleport 3: Send"/>
  <Effect value="0E8" name="Teleport 3: Arrive"/>
  <Effect value="0E9" name="Toad 2"/>
  <Effect value="0EA" name="Gravi 2"/>
  <Effect value="0EB" name="Flare 2"/>
  <Effect value="0EC" name="Blind 2"/>
  <Effect value="0ED" name="Small Bomb (blue)"/>
  <Effect value="0EE" name="Small Bomb (black)"/>
  <Effect value="0EF" name="Confuse 2"/>
  <Effect value="0F0" name="Sleep 2"/>
  <Effect value="0F1" name="Ultima (lvl2)"/>
  <Effect value="0F2" name="All-Ultima"/>
  <Effect value="0F3" name="Mute"/>
  <Effect value="0F4" name="Despair 2"/>
  <Effect value="0F5" name="Return 2"/>
  <Effect value="0F6" name="Shock (M. Sword)"/>
  <Effect value="0F7" name="Braver"/>
  <Effect value="0F8" name="Blade Beam"/>
  <Effect value="0F9" name="Cross Slash"/>
  
  
  
  
  
  <Effect value="0FF" name="Climhazzard"/>
  <Effect value="100" name="Meteorain"/>
  <Effect value="101" name="Finish Touch"/>
  <Effect value="102" name="Cherry Blossom"/>
  <Effect value="103" name="Omnislash"/>
  <Effect value="104" name="Potion/Auto-Potion/Distribute"/>
  <Effect value="105" name="Antidote"/>
  <Effect value="106" name="Eye Drop"/>
  <Effect value="107" name="Hi-Potion/HP Restore"/>
  <Effect value="108" name="Remedy"/>
  <Effect value="109" name="Echo Grass"/>
  <Effect value="10A" name="X-Potion"/>
  <Effect value="10B" name="Soft"/>
  <Effect value="10C" name="Phoenix Down"/>
  <Effect value="10D" name="Ether/Absorb Used MP"/>
  <Effect value="10E" name="Holy Water"/>
  <Effect value="10F" name="Maiden's Kiss"/>
  <Effect value="110" name="Hi-Ether/MP Restore"/>
  <Effect value="111" name="Elixir/Dragon Spirit"/>














  <Effect value="120" name="Blind"/>
  <Effect value="121" name="Spell Absorb"/>
  <Effect value="122" name="Life Drain"/>
  <Effect value="123" name="Pray Faith"/>
  <Effect value="124" name="Doubt Faith"/>
  <Effect value="125" name="Zombie"/>
  <Effect value="126" name="Silence Song"/>
  <Effect value="127" name="Blind Rage"/>










  <Effect value="132" name="White Talk skill"/>
  <Effect value="133" name="Ice Bracelet"/>
  <Effect value="134" name="Fire Bracelet"/>
  <Effect value="135" name="Thunder Bracelet"/>
  <Effect value="136" name="Dragon Tame"/>
  <Effect value="137" name="Dragon Care"/>
  <Effect value="138" name="Dragon Power Up"/>
  <Effect value="139" name="Dragon Level Up"/>
  <Effect value="13A" name="Holy Bracelet"/>

  <Effect value="13C" name="Choco Attack"/>
  <Effect value="13D" name="Choco Ball"/>
  <Effect value="13E" name="Choco Meteor"/>
  <Effect value="13F" name="Choco Esuna"/>

  <Effect value="141" name="Tackle"/>
  <Effect value="142" name="Goblin Punch"/>
  <Effect value="143" name="Turn Punch"/>
  <Effect value="144" name="Eye Gouge"/>
  <Effect value="145" name="Mutilate"/>
  <Effect value="146" name="Bite"/>
  <Effect value="147" name="Small Bomb (red)"/>
  <Effect value="148" name="Self Destruct"/>
  <Effect value="149" name="Flame Attack"/>
  <Effect value="14A" name="Spark"/>
  <Effect value="14B" name="Cat Scratch"/>
  <Effect value="14C" name="Cat Kick"/>
  <Effect value="14D" name="Blaster"/>
  <Effect value="14E" name="Poison Nail"/>
  <Effect value="14F" name="Blood Suck (Vampire)"/>
  <Effect value="150" name="Tentacle"/>
  <Effect value="151" name="Black Ink"/>
  <Effect value="152" name="Odd Soundwave"/>
  <Effect value="153" name="Mind Blast"/>
  <Effect value="154" name="Level Blast"/>
  <Effect value="155" name="Knife Hand/Damage Split"/>
  <Effect value="156" name="Thunder Soul"/>
  <Effect value="157" name="Aqua Soul"/>
  <Effect value="158" name="Ice Soul"/>
  <Effect value="159" name="Wind Soul"/>
  <Effect value="15A" name="Throw Spirit"/>
  <Effect value="15B" name="Zombie Touch"/>
  <Effect value="15C" name="Sleep Touch"/>
  <Effect value="15D" name="Drain Touch"/>
  <Effect value="15E" name="Grease Touch"/>
  <Effect value="15F" name="Wing Attack"/>
  <Effect value="160" name="Look of Devil"/>
  <Effect value="161" name="Look of Fright"/>
  <Effect value="162" name="Circle"/>
  <Effect value="163" name="Death Sentence"/>
  <Effect value="164" name="Scratch Up"/>
  <Effect value="165" name="Beak"/>
  <Effect value="166" name="Shiny Love"/>
  <Effect value="167" name="Feather Bomb"/>
  <Effect value="168" name="Beaking"/>
  <Effect value="169" name="Straight Dash"/>
  <Effect value="16A" name="Nose Bracelet"/>
  <Effect value="16B" name="Oink"/>
  <Effect value="16C" name="Pooh"/>
  <Effect value="16D" name="Please Eat"/>
  <Effect value="16E" name="Leaf Dance"/>
  <Effect value="16F" name="Protect Spirit"/>
  <Effect value="170" name="Calm Spirit"/>
  <Effect value="171" name="Life Spirit"/>
  <Effect value="172" name="Magic Spirit"/>
  <Effect value="173" name="Shake Off"/>
  <Effect value="174" name="Wave Around"/>
  <Effect value="175" name="Mimic Titan"/>
  <Effect value="176" name="Gather Power/Caution"/>
  <Effect value="177" name="Blow Fire"/>
  <Effect value="178" name="Tentacle"/>
  <Effect value="179" name="Lick"/>
  <Effect value="17A" name="Goo"/>
  <Effect value="17B" name="Bad Bracelet"/>
  <Effect value="17C" name="Moldball Virus"/>
  <Effect value="17D" name="Stab Up"/>
  <Effect value="17E" name="Sudden Cry"/>
  <Effect value="17F" name="Hurricane"/>
  <Effect value="180" name="Ulmaguest"/>
  <Effect value="181" name="Giga Flare"/>
  <Effect value="182" name="Dash"/>
  <Effect value="183" name="Tail Swing"/>
  <Effect value="184" name="Ice Bracelet"/>
  <Effect value="185" name="Fire Bracelet"/>
  <Effect value="186" name="Thunder Bracelet"/>
  <Effect value="187" name="Triple Attack"/>
  <Effect value="188" name="Triple Bracelet"/>
  <Effect value="189" name="Triple Thunder"/>
  <Effect value="18A" name="Triple Flame"/>
  <Effect value="18B" name="Dark Whisper"/>
  <Effect value="18C" name="Foxbird"/>
  <Effect value="18D" name="Confusion Song"/>
  <Effect value="18E" name="Energy"/>
  <Effect value="18F" name="Parasite"/>
  <Effect value="190" name="Dispel Magic"/>
  <Effect value="191" name="Snake Carrier"/>
  <Effect value="192" name="Poison Frog"/>
  <Effect value="193" name="Midgar Swarm"/>
  <Effect value="194" name="Paralyze"/>
  <Effect value="195" name="Sleep"/>
  <Effect value="196" name="Petrify"/>
  <Effect value="197" name="Lifebreak"/>
  <Effect value="198" name="Nanoflare"/>
  <Effect value="199" name="Grand Cross"/>
  <Effect value="19A" name="Destroy"/>
  <Effect value="19B" name="Compress"/>
  <Effect value="19C" name="Dispose"/>
  <Effect value="19D" name="Crush"/>




































  <Effect value="1C2" name="Dejeon: Send (Orbonne, battle vs Rofel)"/>
  <Effect value="1C3" name="Scorpio's Revive spell (Rafa revives Malak)"/>
  <Effect value="1C4" name="Altima's Ultimate Transformation"/>
  <Effect value="1C5" name="End of the World (Altima's Death)"/>
  <Effect value="1C6" name="Banish (Murond's entrance)"/>
  <Effect value="1C7" name="Fire (unknown)"/>
  <Effect value="1C8" name="Flood (Bethla Sluice)"/>
  <Effect value="1C9" name="Fire Explosion (Fort Zeakden)"/>
  <Effect value="1CA" name="Strong Fire Explosion (Fort Zeakden)"/>
  <Effect value="1CB" name="Mini Explosion (Fort Zeakden)"/>
  <Effect value="1CC" name="Cancer's Restoration spell"/>
  <Effect value="1CD" name="Velius' Transformation"/>
  <Effect value="1CE" name="Zalera's Transformation"/>
  <Effect value="1CF" name="Hashmalum's Transformation"/>
  <Effect value="1D0" name="Altima's Transformation"/>
  <Effect value="1D1" name="Queklain's Transformation"/>
  <Effect value="1D2" name="Adramelk's Transformation"/>
  <Effect value="1D3" name="Aries' Glow"/>
  <Effect value="1D4" name="Gemini's Glow"/>
  <Effect value="1D5" name="Leo's Glow"/>
  <Effect value="1D6" name="Virgo's Glow"/>
  <Effect value="1D7" name="Scorpio's Glow"/>
  <Effect value="1D8" name="Capricorn's Glow"/>
  <Effect value="1D9" name="Saggitarius' electricity recharge"/>
  <Effect value="1DA" name="Velius' Death"/>
  <Effect value="1DB" name="Zalera's Death"/>
  <Effect value="1DC" name="Hashmalum's Death"/>
  <Effect value="1DD" name="Queklain's Death/Zalbag's Death"/>
  <Effect value="1DE" name="Adramelk's Death"/>
  <Effect value="1DF" name="Stone Glow"/>
  <Effect value="1E0" name="Dejeon: Arrive (Murond's entrance)"/>
  <Effect value="1E1" name="Small Electricity (Mustadio's House)"/>
  <Effect value="1E2" name="Large Electricity (Mustadio's House)"/>
  <Effect value="1E3" name="Exploding Smash (Mustadio's House; Worker 8)"/>
  <Effect value="1E4" name="Stone Glow (higher altitude)"/>
  <Effect value="1E5" name="Virgo's Holy Angel Revive"/>
  <Effect value="1E6" name="Summon Ultimate"/>






















  <Effect value="1FD" name="Crashes Game"/>
  <Effect value="1FE" name="Crashes Game"/>

</Effects>